area,year,month,day_of_week,hour_bucket,actual,predicted
77th Street,2023,1,2,0,24,20.844046
77th Street,2023,1,6,0,17,23.82403
77th Street,2023,1,5,1,30,27.879454
77th Street,2023,1,4,2,31,43.694164
77th Street,2023,1,4,1,31,28.357079
77th Street,2023,1,1,3,47,49.69756
77th Street,2023,1,6,1,24,31.207628
77th Street,2023,1,7,1,39,28.325363
77th Street,2023,1,2,2,51,45.522503
77th Street,2023,1,4,3,26,43.895264
77th Street,2023,1,3,3,49,41.615498
77th Street,2023,1,3,1,33,25.39231
77th Street,2023,1,6,3,49,51.940655
77th Street,2023,1,3,2,48,40.866497
77th Street,2023,1,2,3,46,46.29141
77th Street,2023,1,2,1,38,27.617823
77th Street,2023,1,6,2,40,48.765858
77th Street,2023,1,3,0,17,17.382359
77th Street,2023,1,1,1,36,25.03708
77th Street,2023,1,5,0,17,20.335129
77th Street,2023,1,5,2,27,43.274162
77th Street,2023,1,1,2,39,45.879738
77th Street,2023,1,1,0,41,28.535828
77th Street,2023,1,7,3,42,49.78027
77th Street,2023,1,4,0,14,21.072376
77th Street,2023,1,5,3,28,44.98589
77th Street,2023,1,7,2,34,45.11383
77th Street,2023,1,7,0,19,28.459364
77th Street,2023,2,6,3,42,48.044464
77th Street,2023,2,6,0,11,19.90311
77th Street,2023,2,1,2,35,42.445496
77th Street,2023,2,2,1,22,27.574884
77th Street,2023,2,3,0,14,18.771704
77th Street,2023,2,2,0,5,20.755316
77th Street,2023,2,3,3,35,41.945957
77th Street,2023,2,4,2,56,41.68369
77th Street,2023,2,2,3,33,43.32614
77th Street,2023,2,6,2,44,44.716846
77th Street,2023,2,7,1,24,27.498579
77th Street,2023,2,4,0,14,19.148964
77th Street,2023,2,6,1,36,27.759647
77th Street,2023,2,3,2,40,41.02416
77th Street,2023,2,5,3,39,42.909134
77th Street,2023,2,2,2,42,42.49145
77th Street,2023,2,3,1,31,26.643698
77th Street,2023,2,5,1,26,26.967772
77th Street,2023,2,5,2,36,41.650635
77th Street,2023,2,5,0,10,18.798664
77th Street,2023,2,7,3,43,48.857975
77th Street,2023,2,1,0,25,28.42977
77th Street,2023,2,1,3,44,46.023388
77th Street,2023,2,4,3,46,42.469746
77th Street,2023,2,7,2,47,43.988907
77th Street,2023,2,4,1,12,27.058449
77th Street,2023,2,1,1,37,24.931023
77th Street,2023,2,7,0,20,27.053589
77th Street,2023,3,2,2,50,44.890244
77th Street,2023,3,4,2,50,45.4384
77th Street,2023,3,4,0,19,21.555624
77th Street,2023,3,3,3,45,45.518147
77th Street,2023,3,2,3,46,45.293518
77th Street,2023,3,7,1,26,23.919159
77th Street,2023,3,2,0,16,22.258347
77th Street,2023,3,3,0,11,21.191816
77th Street,2023,3,6,1,31,25.645578
77th Street,2023,3,7,0,12,23.819876
77th Street,2023,3,7,2,48,40.044865
77th Street,2023,3,1,0,31,28.575197
77th Street,2023,3,3,2,49,44.829815
77th Street,2023,3,5,1,22,27.510458
77th Street,2023,3,4,1,43,29.519524
77th Street,2023,3,2,1,38,29.169819
77th Street,2023,3,1,3,28,45.429516
77th Street,2023,3,6,3,45,45.316624
77th Street,2023,3,4,3,52,45.99099
77th Street,2023,3,3,1,26,29.155714
77th Street,2023,3,1,2,43,43.13938
77th Street,2023,3,6,2,56,42.748596
77th Street,2023,3,5,0,17,19.352205
77th Street,2023,3,5,2,42,43.328278
77th Street,2023,3,5,3,54,44.58246
77th Street,2023,3,1,1,25,25.07645
77th Street,2023,3,6,0,22,17.694725
77th Street,2023,3,7,3,34,43.679615
77th Street,2023,4,6,2,54,47.797745
77th Street,2023,4,2,2,50,42.957134
77th Street,2023,4,7,0,22,28.175503
77th Street,2023,4,4,3,47,43.33819
77th Street,2023,4,6,1,32,30.482786
77th Street,2023,4,1,0,27,28.053577
77th Street,2023,4,5,0,11,21.1426
77th Street,2023,4,1,1,28,24.435858
77th Street,2023,4,2,3,48,43.36041
77th Street,2023,4,2,0,25,20.978832
77th Street,2023,4,3,3,31,42.650085
77th Street,2023,4,5,1,22,29.099825
77th Street,2023,4,6,3,53,50.783516
77th Street,2023,4,7,2,66,44.689
77th Street,2023,4,6,0,22,22.73296
77th Street,2023,4,7,1,37,27.954786
77th Street,2023,4,1,2,54,41.91615
77th Street,2023,4,3,2,43,41.961754
77th Street,2023,4,5,3,56,45.390125
77th Street,2023,4,3,1,25,26.941254
77th Street,2023,4,4,1,36,27.520325
77th Street,2023,4,5,2,36,44.365093
77th Street,2023,4,4,2,44,42.7856
77th Street,2023,4,4,0,17,19.757452
77th Street,2023,4,2,1,30,27.890305
77th Street,2023,4,1,3,63,44.206284
77th Street,2023,4,3,0,21,19.178383
77th Street,2023,4,7,3,56,48.741493
77th Street,2023,5,3,2,56,43.646744
77th Street,2023,5,6,1,20,30.310308
77th Street,2023,5,1,0,26,32.151154
77th Street,2023,5,2,2,61,45.733425
77th Street,2023,5,1,2,47,46.034035
77th Street,2023,5,5,2,38,44.18347
77th Street,2023,5,3,0,16,21.185417
77th Street,2023,5,5,0,17,21.265709
77th Street,2023,5,5,3,59,45.747543
77th Street,2023,5,6,3,53,51.79405
77th Street,2023,5,4,1,39,28.455923
77th Street,2023,5,2,1,33,30.98494
77th Street,2023,5,2,0,26,24.364096
77th Street,2023,5,6,0,24,23.326029
77th Street,2023,5,7,0,39,29.703499
77th Street,2023,5,3,3,58,44.444252
77th Street,2023,5,6,2,48,48.113728
77th Street,2023,5,1,3,52,50.67289
77th Street,2023,5,4,0,28,21.4586
77th Street,2023,5,7,3,41,53.902607
77th Street,2023,5,3,1,45,28.315907
77th Street,2023,5,1,1,21,29.047167
77th Street,2023,5,7,1,26,30.273949
77th Street,2023,5,4,2,63,44.18201
77th Street,2023,5,2,3,53,46.874676
77th Street,2023,5,7,2,31,47.321537
77th Street,2023,5,5,1,27,28.457388
77th Street,2023,5,4,3,60,44.75305
77th Street,2023,6,3,3,34,47.06926
77th Street,2023,6,4,0,21,22.55097
77th Street,2023,6,3,0,22,22.277788
77th Street,2023,6,6,0,26,21.453524
77th Street,2023,6,4,2,36,46.142723
77th Street,2023,6,7,1,26,26.536982
77th Street,2023,6,2,1,27,31.037434
77th Street,2023,6,4,1,21,30.336252
77th Street,2023,6,1,1,29,26.74548
77th Street,2023,6,5,2,48,45.397118
77th Street,2023,6,7,0,27,27.718355
77th Street,2023,6,2,0,27,24.38099
77th Street,2023,6,1,2,41,43.7495
77th Street,2023,6,2,3,54,47.41141
77th Street,2023,6,2,2,44,45.96036
77th Street,2023,6,7,3,54,49.714756
77th Street,2023,6,4,3,43,47.80496
77th Street,2023,6,3,1,32,30.06307
77th Street,2023,6,6,2,55,45.230915
77th Street,2023,6,3,2,32,45.333153
77th Street,2023,6,5,0,18,22.35808
77th Street,2023,6,1,3,59,48.501453
77th Street,2023,6,7,2,48,42.871273
77th Street,2023,6,5,3,64,47.965298
77th Street,2023,6,5,1,43,29.590656
77th Street,2023,6,1,0,45,31.601295
77th Street,2023,6,6,3,53,49.81192
77th Street,2023,6,6,1,32,28.31765
77th Street,2023,7,7,1,34,31.662062
77th Street,2023,7,7,2,66,47.512554
77th Street,2023,7,1,3,63,48.063404
77th Street,2023,7,6,0,27,25.841843
77th Street,2023,7,4,3,58,47.48627
77th Street,2023,7,5,2,39,45.776375
77th Street,2023,7,6,1,18,33.757313
77th Street,2023,7,5,3,43,48.393677
77th Street,2023,7,7,0,33,31.9406
77th Street,2023,7,3,0,17,22.94744
77th Street,2023,7,3,3,51,46.120224
77th Street,2023,7,1,0,46,31.756264
77th Street,2023,7,4,1,33,30.823643
77th Street,2023,7,7,3,53,54.484615
77th Street,2023,7,3,1,31,30.348345
77th Street,2023,7,2,3,61,46.37908
77th Street,2023,7,1,2,48,44.244865
77th Street,2023,7,6,3,41,55.807186
77th Street,2023,7,3,2,42,44.334995
77th Street,2023,7,2,1,40,30.989866
77th Street,2023,7,4,0,25,23.220621
77th Street,2023,7,2,2,48,44.85189
77th Street,2023,7,5,1,23,30.825106
77th Street,2023,7,1,1,33,28.21429
77th Street,2023,7,2,0,45,24.306799
77th Street,2023,7,6,2,32,50.364502
77th Street,2023,7,5,0,20,23.02773
77th Street,2023,7,4,2,41,45.774914
77th Street,2023,8,5,3,54,48.34533
77th Street,2023,8,3,2,54,45.000362
77th Street,2023,8,1,2,51,46.397423
77th Street,2023,8,4,1,35,31.167091
77th Street,2023,8,1,1,15,30.379856
77th Street,2023,8,4,2,44,45.593365
77th Street,2023,8,4,3,69,47.437923
77th Street,2023,8,3,0,27,23.40749
77th Street,2023,8,7,2,46,45.099903
77th Street,2023,8,6,2,53,46.362118
77th Street,2023,8,4,0,26,23.509296
77th Street,2023,8,5,1,21,31.168554
77th Street,2023,8,3,3,73,46.890083
77th Street,2023,8,3,1,38,30.863169
77th Street,2023,8,7,3,58,51.851936
77th Street,2023,8,1,3,56,49.9654
77th Street,2023,8,7,0,27,30.437176
77th Street,2023,8,2,3,48,48.28108
77th Street,2023,8,1,0,41,34.15945
77th Street,2023,8,6,0,20,23.777187
77th Street,2023,8,2,0,20,26.655203
77th Street,2023,8,6,3,55,51.584774
77th Street,2023,8,2,2,30,47.004448
77th Street,2023,8,2,1,36,33.155434
77th Street,2023,8,5,0,35,23.316406
77th Street,2023,8,5,2,54,45.594826
77th Street,2023,8,7,1,32,30.158646
77th Street,2023,8,6,1,24,31.399973
77th Street,2023,9,1,3,40,47.998924
77th Street,2023,9,6,1,31,30.677616
77th Street,2023,9,2,0,23,23.706673
77th Street,2023,9,7,3,67,51.005363
77th Street,2023,9,4,0,20,22.824757
77th Street,2023,9,4,2,58,45.182693
77th Street,2023,9,7,2,53,43.822502
77th Street,2023,9,5,3,38,48.13537
77th Street,2023,9,4,1,22,30.528032
77th Street,2023,9,3,1,34,29.90874
77th Street,2023,9,1,1,33,27.024782
77th Street,2023,9,2,3,46,46.45378
77th Street,2023,9,1,2,31,43.643513
77th Street,2023,9,7,0,31,28.500576
77th Street,2023,9,3,2,41,44.27432
77th Street,2023,9,7,1,21,28.128345
77th Street,2023,9,2,2,38,44.619835
77th Street,2023,9,4,3,49,47.227962
77th Street,2023,9,1,0,34,30.980793
77th Street,2023,9,6,2,75,46.213383
77th Street,2023,9,2,1,40,30.169655
77th Street,2023,9,6,0,31,23.009352
77th Street,2023,9,6,3,47,51.63675
77th Street,2023,9,5,0,20,22.631866
77th Street,2023,9,3,3,52,46.36475
77th Street,2023,9,3,0,25,22.40758
77th Street,2023,9,5,1,32,30.529495
77th Street,2023,9,5,2,39,45.184155
77th Street,2023,10,5,2,40,44.57125
77th Street,2023,10,4,2,53,44.259853
77th Street,2023,10,1,1,20,28.893959
77th Street,2023,10,6,0,27,25.315523
77th Street,2023,10,7,2,34,48.794235
77th Street,2023,10,2,3,39,45.930286
77th Street,2023,10,5,3,47,47.5067
77th Street,2023,10,6,1,31,33.074352
77th Street,2023,10,6,3,43,55.167656
77th Street,2023,10,4,0,16,22.043623
77th Street,2023,10,1,3,75,49.947464
77th Street,2023,10,1,2,37,45.457672
77th Street,2023,10,7,0,17,32.09482
77th Street,2023,10,7,3,44,56.995274
77th Street,2023,10,5,0,27,22.16067
77th Street,2023,10,6,2,40,48.87626
77th Street,2023,10,2,1,40,29.716948
77th Street,2023,10,2,2,50,44.112106
77th Street,2023,10,1,0,41,32.672348
77th Street,2023,10,3,0,30,21.805601
77th Street,2023,10,3,3,61,45.605297
77th Street,2023,10,7,1,25,32.612774
77th Street,2023,10,4,1,29,29.660215
77th Street,2023,10,5,1,42,29.971615
77th Street,2023,10,4,3,53,46.289356
77th Street,2023,10,2,0,23,23.340649
77th Street,2023,10,3,1,34,29.220078
77th Street,2023,10,3,2,52,43.530632
77th Street,2023,11,1,3,59,46.994137
77th Street,2023,11,5,2,35,42.68749
77th Street,2023,11,5,1,31,28.393631
77th Street,2023,11,3,2,41,44.323166
77th Street,2023,11,4,1,34,29.684088
77th Street,2023,11,2,1,36,30.235182
77th Street,2023,11,1,1,36,25.968245
77th Street,2023,11,4,0,18,21.384659
77th Street,2023,11,7,3,42,45.492218
77th Street,2023,11,7,1,34,24.450754
77th Street,2023,11,3,0,16,22.046246
77th Street,2023,11,2,3,43,46.960556
77th Street,2023,11,6,2,42,41.98083
77th Street,2023,11,5,0,17,19.978788
77th Street,2023,11,6,3,50,48.031418
77th Street,2023,11,4,3,57,46.554073
77th Street,2023,11,1,2,33,41.319706
77th Street,2023,11,7,2,52,37.220863
77th Street,2023,11,2,2,26,44.268864
77th Street,2023,11,5,3,52,46.265923
77th Street,2023,11,1,0,25,30.199781
77th Street,2023,11,7,0,38,25.285824
77th Street,2023,11,4,2,65,43.881584
77th Street,2023,11,3,1,28,30.143559
77th Street,2023,11,6,0,16,19.55582
77th Street,2023,11,2,0,17,23.176046
77th Street,2023,11,3,3,48,47.040817
77th Street,2023,11,6,1,35,27.40443
77th Street,2023,12,7,1,25,26.468401
77th Street,2023,12,1,0,40,23.126986
77th Street,2023,12,3,2,45,42.293415
77th Street,2023,12,5,3,43,48.88086
77th Street,2023,12,5,0,18,20.996822
77th Street,2023,12,2,3,42,43.32301
77th Street,2023,12,7,2,48,39.93546
77th Street,2023,12,3,0,23,18.907383
77th Street,2023,12,7,3,61,47.79218
77th Street,2023,12,6,2,44,46.70603
77th Street,2023,12,2,1,28,25.530926
77th Street,2023,12,4,2,41,45.34392
77th Street,2023,12,6,0,28,21.527151
77th Street,2023,12,6,1,36,30.177742
77th Street,2023,12,3,3,39,44.944965
77th Street,2023,12,4,1,40,29.982716
77th Street,2023,12,5,1,37,29.910955
77th Street,2023,12,1,3,55,41.098248
77th Street,2023,12,6,3,59,52.690517
77th Street,2023,12,1,2,49,37.285484
77th Street,2023,12,4,3,39,47.95031
77th Street,2023,12,2,0,27,17.16558
77th Street,2023,12,7,0,41,26.501488
77th Street,2023,12,2,2,27,40.454872
77th Street,2023,12,4,0,13,21.183996
77th Street,2023,12,1,1,37,21.201483
77th Street,2023,12,3,1,25,26.92155
77th Street,2023,12,5,2,32,45.368526
Central,2023,1,4,3,66,47.240757
Central,2023,1,6,3,92,59.894855
Central,2023,1,7,0,41,33.42084
Central,2023,1,6,1,30,34.25128
Central,2023,1,4,1,48,31.838467
Central,2023,1,3,0,16,18.670218
Central,2023,1,1,3,78,49.301918
Central,2023,1,7,3,78,54.37514
Central,2023,1,7,1,27,29.819283
Central,2023,1,5,2,49,44.459583
Central,2023,1,5,3,80,48.462807
Central,2023,1,1,1,39,27.315632
Central,2023,1,1,0,73,31.653654
Central,2023,1,4,0,20,22.575006
Central,2023,1,6,0,17,25.080547
Central,2023,1,5,1,37,31.492266
Central,2023,1,1,2,57,46.10683
Central,2023,1,5,0,15,22.160812
Central,2023,1,3,2,59,41.488052
Central,2023,1,3,3,97,42.30873
Central,2023,1,6,2,51,53.18928
Central,2023,1,2,3,90,45.736324
Central,2023,1,7,2,55,48.52751
Central,2023,1,2,1,31,30.817495
Central,2023,1,3,1,49,28.65893
Central,2023,1,2,0,23,22.715193
Central,2023,1,2,2,72,45.93522
Central,2023,1,4,2,59,44.74816
Central,2023,2,6,1,25,31.378227
Central,2023,2,5,1,30,30.600569
Central,2023,2,4,2,52,43.053585
Central,2023,2,5,0,22,20.644333
Central,2023,2,2,0,27,22.789488
Central,2023,2,7,0,34,32.31622
Central,2023,2,2,2,57,43.11525
Central,2023,2,1,2,67,42.88367
Central,2023,2,4,1,29,30.702703
Central,2023,2,7,2,64,47.720287
Central,2023,2,6,3,67,56.40493
Central,2023,2,7,3,69,53.84385
Central,2023,2,5,3,60,46.632374
Central,2023,2,2,1,34,30.937582
Central,2023,2,6,2,56,49.73175
Central,2023,2,3,1,37,29.940014
Central,2023,2,4,3,61,46.20444
Central,2023,2,5,2,63,43.009075
Central,2023,2,7,1,35,29.293653
Central,2023,2,3,0,16,20.089258
Central,2023,2,4,0,33,20.81446
Central,2023,2,1,0,53,31.71062
Central,2023,2,1,3,58,45.912132
Central,2023,2,3,2,51,41.72347
Central,2023,2,1,1,25,27.372599
Central,2023,2,6,0,23,21.73456
Central,2023,2,3,3,47,42.79025
Central,2023,2,2,3,54,43.055443
Central,2023,3,3,1,50,32.767883
Central,2023,3,3,2,66,46.029438
Central,2023,3,1,3,51,45.56834
Central,2023,3,1,1,20,27.892773
Central,2023,3,2,2,42,46.014355
Central,2023,3,5,3,71,49.22337
Central,2023,3,3,0,22,22.825216
Central,2023,3,7,2,65,43.992252
Central,2023,3,4,2,55,46.997185
Central,2023,3,7,3,62,48.881496
Central,2023,3,6,2,64,47.878002
Central,2023,3,7,0,46,28.627201
Central,2023,3,3,3,57,46.86275
Central,2023,3,7,1,28,25.604635
Central,2023,3,4,3,61,49.914574
Central,2023,3,1,0,28,32.230793
Central,2023,3,1,2,48,44.13677
Central,2023,3,6,0,26,19.640675
Central,2023,3,2,1,35,32.84838
Central,2023,3,6,3,78,53.79159
Central,2023,3,2,0,19,24.608364
Central,2023,3,4,1,51,33.16821
Central,2023,3,6,1,60,29.378658
Central,2023,3,5,0,25,21.931086
Central,2023,3,2,3,48,45.214
Central,2023,3,4,0,26,23.225544
Central,2023,3,5,2,59,45.60439
Central,2023,3,5,1,32,31.876467
Central,2023,4,1,1,38,26.990267
Central,2023,4,4,3,44,47.193535
Central,2023,4,6,1,33,34.012024
Central,2023,4,7,3,98,53.10859
Central,2023,4,2,2,54,43.74614
Central,2023,4,5,3,38,49.069878
Central,2023,4,3,0,24,20.822756
Central,2023,4,5,0,25,22.919724
Central,2023,4,7,2,85,47.887817
Central,2023,4,2,3,46,42.945786
Central,2023,4,3,1,38,30.564386
Central,2023,4,1,0,57,31.517225
Central,2023,4,3,2,46,43.09916
Central,2023,4,1,3,73,44.010002
Central,2023,4,7,0,37,33.06213
Central,2023,4,2,1,33,31.306934
Central,2023,4,4,0,25,21.518541
Central,2023,4,6,0,18,24.475067
Central,2023,4,5,1,39,32.664085
Central,2023,4,3,3,69,43.932472
Central,2023,4,7,1,50,29.260868
Central,2023,4,6,3,57,58.92486
Central,2023,4,1,2,64,42.57843
Central,2023,4,4,2,52,44.362362
Central,2023,4,4,1,43,31.260174
Central,2023,4,2,0,19,23.066936
Central,2023,4,6,2,60,52.67974
Central,2023,4,5,2,54,45.766262
Central,2023,5,7,3,65,59.474525
Central,2023,5,3,2,57,44.879658
Central,2023,5,6,0,12,25.474474
Central,2023,5,7,0,43,35.434383
Central,2023,5,1,2,47,46.078312
Central,2023,5,4,0,24,22.845697
Central,2023,5,7,2,45,51.815636
Central,2023,5,2,3,50,45.824215
Central,2023,5,4,3,60,48.61345
Central,2023,5,2,0,22,25.909046
Central,2023,5,7,1,17,32.682625
Central,2023,5,6,2,49,54.441776
Central,2023,5,2,2,70,45.97705
Central,2023,5,4,2,73,45.854282
Central,2023,5,5,2,46,45.854282
Central,2023,5,4,1,49,32.080124
Central,2023,5,6,3,67,61.290985
Central,2023,5,1,0,34,34.709873
Central,2023,5,5,3,42,49.60648
Central,2023,5,5,0,17,22.842974
Central,2023,5,2,1,62,34.051918
Central,2023,5,5,1,33,32.080124
Central,2023,5,3,0,30,22.4558
Central,2023,5,6,1,50,34.504215
Central,2023,5,1,3,51,49.768147
Central,2023,5,3,3,69,45.73169
Central,2023,5,3,1,34,31.823397
Central,2023,5,1,1,25,31.12315
Central,2023,6,6,1,50,31.630907
Central,2023,6,6,2,63,51.096104
Central,2023,6,2,2,41,46.42704
Central,2023,6,5,0,38,23.074085
Central,2023,6,3,2,66,46.657642
Central,2023,6,4,3,56,51.63238
Central,2023,6,3,3,39,48.323723
Central,2023,6,6,0,33,22.186277
Central,2023,6,7,0,35,31.764093
Central,2023,6,1,3,57,47.819763
Central,2023,6,7,2,63,47.209343
Central,2023,6,3,0,25,23.239159
Central,2023,6,2,1,31,34.461926
Central,2023,6,7,3,54,55.130646
Central,2023,6,1,1,30,29.059092
Central,2023,6,4,0,22,23.629057
Central,2023,6,6,3,77,58.721447
Central,2023,6,1,0,45,33.94122
Central,2023,6,4,1,34,34.18648
Central,2023,6,7,1,25,28.251966
Central,2023,6,3,1,31,33.79659
Central,2023,6,2,3,47,46.459454
Central,2023,6,4,2,45,47.90657
Central,2023,6,2,0,29,26.283443
Central,2023,6,5,3,76,51.79126
Central,2023,6,5,1,47,32.887165
Central,2023,6,5,2,54,47.159504
Central,2023,6,1,2,37,44.01683
Central,2023,7,5,1,33,35.013466
Central,2023,7,7,3,83,60.84315
Central,2023,7,2,1,51,33.85125
Central,2023,7,4,3,56,52.43592
Central,2023,7,5,2,44,48.660988
Central,2023,7,3,0,21,24.46989
Central,2023,7,6,2,47,56.914413
Central,2023,7,2,3,53,45.609383
Central,2023,7,6,3,65,65.401436
Central,2023,7,2,2,75,45.381584
Central,2023,7,7,1,41,35.000893
Central,2023,7,7,2,68,52.79327
Central,2023,7,4,2,50,48.660988
Central,2023,7,1,3,71,47.563972
Central,2023,7,5,0,29,24.46685
Central,2023,7,4,1,27,35.013466
Central,2023,7,7,0,56,37.253944
Central,2023,7,4,0,24,24.469574
Central,2023,7,2,0,23,26.808504
Central,2023,7,1,2,56,44.57521
Central,2023,7,1,0,40,34.695442
Central,2023,7,3,3,53,47.556946
Central,2023,7,3,2,60,45.7225
Central,2023,7,3,1,30,33.480583
Central,2023,7,1,1,34,29.964796
Central,2023,7,6,0,19,27.292347
Central,2023,7,5,3,52,53.341866
Central,2023,7,6,1,43,38.144554
Central,2023,8,5,1,30,36.30234
Central,2023,8,1,2,41,51.771404
Central,2023,8,6,0,22,24.541883
Central,2023,8,1,0,49,39.431515
Central,2023,8,6,3,76,61.12885
Central,2023,8,7,1,29,35.77797
Central,2023,8,2,1,40,40.04025
Central,2023,8,1,1,24,36.416695
Central,2023,8,7,0,32,37.80266
Central,2023,8,4,3,72,52.72503
Central,2023,8,5,0,30,23.563253
Central,2023,8,2,2,39,52.577778
Central,2023,8,6,2,64,54.387157
Central,2023,8,1,3,65,54.342102
Central,2023,8,4,2,55,50.342197
Central,2023,8,6,1,31,36.988594
Central,2023,8,7,2,47,52.298695
Central,2023,8,2,3,51,52.387512
Central,2023,8,2,0,29,29.319754
Central,2023,8,3,3,75,53.42894
Central,2023,8,5,3,95,53.630974
Central,2023,8,4,0,23,23.565977
Central,2023,8,4,1,48,36.30234
Central,2023,8,5,2,64,50.342197
Central,2023,8,7,3,87,60.128548
Central,2023,8,3,1,57,37.922535
Central,2023,8,3,2,53,51.49
Central,2023,8,3,0,22,23.52002
Central,2023,9,5,3,80,53.481274
Central,2023,9,6,0,33,23.82191
Central,2023,9,3,2,57,47.958397
Central,2023,9,5,0,24,23.069824
Central,2023,9,5,2,60,50.04239
Central,2023,9,6,3,97,61.463707
Central,2023,9,1,2,43,46.73971
Central,2023,9,7,2,52,51.934376
Central,2023,9,2,3,50,47.922157
Central,2023,9,2,0,29,26.786907
Central,2023,9,2,1,37,34.8296
Central,2023,9,4,2,49,49.13843
Central,2023,9,7,1,29,34.789932
Central,2023,9,4,3,66,51.67137
Central,2023,9,2,2,54,47.776203
Central,2023,9,3,0,25,22.567017
Central,2023,9,3,3,46,49.736958
Central,2023,9,1,3,47,49.876747
Central,2023,9,7,3,92,60.144455
Central,2023,9,4,0,24,23.072548
Central,2023,9,5,1,33,35.903328
Central,2023,9,4,1,25,34.99937
Central,2023,9,6,2,75,54.571907
Central,2023,9,6,1,37,36.728905
Central,2023,9,7,0,60,35.656494
Central,2023,9,1,0,37,35.970715
Central,2023,9,3,1,22,34.291725
Central,2023,9,1,1,32,30.97593
Central,2023,10,2,2,49,47.251152
Central,2023,10,2,1,44,34.359566
Central,2023,10,1,2,80,48.810455
Central,2023,10,4,3,55,50.39366
Central,2023,10,5,0,24,23.256508
Central,2023,10,2,0,25,26.858654
Central,2023,10,7,1,32,40.648052
Central,2023,10,5,2,59,48.98923
Central,2023,10,4,1,44,33.904182
Central,2023,10,6,1,48,38.44314
Central,2023,10,1,3,76,52.5253
Central,2023,10,3,0,23,22.92245
Central,2023,10,2,3,73,48.668972
Central,2023,10,1,0,45,37.754124
Central,2023,10,6,0,20,26.543716
Central,2023,10,3,1,58,33.46233
Central,2023,10,6,2,73,56.55228
Central,2023,10,5,3,66,52.5135
Central,2023,10,3,2,68,47.073986
Central,2023,10,7,0,41,41.030933
Central,2023,10,5,1,32,34.905186
Central,2023,10,7,2,61,58.279804
Central,2023,10,7,3,80,66.66696
Central,2023,10,6,3,63,65.11352
Central,2023,10,3,3,75,49.344612
Central,2023,10,1,1,44,33.101692
Central,2023,10,4,2,48,47.988228
Central,2023,10,4,0,17,23.162186
Central,2023,11,6,1,31,33.729977
Central,2023,11,3,3,65,51.03333
Central,2023,11,3,2,84,48.044014
Central,2023,11,2,1,29,35.281837
Central,2023,11,3,1,26,34.725765
Central,2023,11,1,1,38,30.657663
Central,2023,11,5,1,44,33.78462
Central,2023,11,4,3,91,51.029037
Central,2023,11,1,2,55,44.991726
Central,2023,11,4,0,35,22.960627
Central,2023,11,6,2,62,51.373695
Central,2023,11,7,3,101,57.20186
Central,2023,11,4,1,55,34.38547
Central,2023,11,1,3,58,50.23601
Central,2023,11,1,0,28,34.932434
Central,2023,11,3,0,16,23.503036
Central,2023,11,2,0,22,27.098082
Central,2023,11,2,2,66,47.64949
Central,2023,11,7,2,55,46.65836
Central,2023,11,4,2,82,47.904915
Central,2023,11,5,2,68,47.400425
Central,2023,11,7,0,53,32.58295
Central,2023,11,6,3,58,59.769814
Central,2023,11,6,0,36,21.740763
Central,2023,11,2,3,61,50.016525
Central,2023,11,5,3,82,51.643383
Central,2023,11,5,0,29,21.532032
Central,2023,11,7,1,41,31.67788
Central,2023,12,4,0,25,23.241154
Central,2023,12,5,3,66,56.544357
Central,2023,12,5,0,23,23.031256
Central,2023,12,4,1,34,34.944897
Central,2023,12,7,0,55,34.78567
Central,2023,12,7,2,67,50.068817
Central,2023,12,6,2,105,55.885994
Central,2023,12,4,2,68,49.55725
Central,2023,12,3,1,35,32.985947
Central,2023,12,3,0,24,22.066757
Central,2023,12,2,2,56,44.36556
Central,2023,12,6,3,80,65.61182
Central,2023,12,5,2,81,50.27146
Central,2023,12,6,1,63,36.361183
Central,2023,12,2,0,24,23.862888
Central,2023,12,2,3,50,48.208664
Central,2023,12,4,3,76,54.71131
Central,2023,12,2,1,37,32.405224
Central,2023,12,3,3,63,51.36581
Central,2023,12,6,0,31,23.790384
Central,2023,12,7,1,59,34.682568
Central,2023,12,1,1,46,27.938929
Central,2023,12,7,3,97,61.593475
Central,2023,12,1,0,51,31.20766
Central,2023,12,1,3,67,43.498714
Central,2023,12,5,1,46,35.562744
Central,2023,12,1,2,58,41.487564
Central,2023,12,3,2,69,46.544323
Devonshire,2023,1,4,2,21,31.578415
Devonshire,2023,1,1,0,28,16.715776
Devonshire,2023,1,2,0,13,13.025916
Devonshire,2023,1,2,2,40,29.099272
Devonshire,2023,1,4,3,31,30.877161
Devonshire,2023,1,6,1,21,20.546179
Devonshire,2023,1,2,1,28,17.380054
Devonshire,2023,1,1,2,35,29.337162
Devonshire,2023,1,6,0,3,15.922671
Devonshire,2023,1,5,0,10,12.627926
Devonshire,2023,1,4,1,20,19.171656
Devonshire,2023,1,3,0,5,9.880662
Devonshire,2023,1,5,2,26,30.257904
Devonshire,2023,1,1,1,24,15.659417
Devonshire,2023,1,7,2,34,32.4631
Devonshire,2023,1,3,3,24,27.217113
Devonshire,2023,1,7,0,14,18.132423
Devonshire,2023,1,5,3,24,30.857246
Devonshire,2023,1,6,3,36,36.643936
Devonshire,2023,1,7,1,15,19.110785
Devonshire,2023,1,5,1,20,17.79352
Devonshire,2023,1,3,2,32,26.212284
Devonshire,2023,1,4,0,7,14.023427
Devonshire,2023,1,1,3,35,30.96843
Devonshire,2023,1,2,3,23,29.28076
Devonshire,2023,1,6,2,28,36.588505
Devonshire,2023,1,7,3,24,34.28494
Devonshire,2023,1,3,1,25,14.991406
Devonshire,2023,2,6,0,11,11.8807
Devonshire,2023,2,5,1,22,15.892713
Devonshire,2023,2,3,2,33,27.034567
Devonshire,2023,2,5,0,7,10.6786175
Devonshire,2023,2,4,1,15,15.987489
Devonshire,2023,2,2,2,28,27.246813
Devonshire,2023,2,6,1,24,16.552708
Devonshire,2023,2,1,1,9,14.792513
Devonshire,2023,2,2,3,29,27.724932
Devonshire,2023,2,4,3,36,28.25364
Devonshire,2023,2,5,3,37,28.216486
Devonshire,2023,2,5,2,25,27.73456
Devonshire,2023,2,1,2,37,26.89552
Devonshire,2023,2,6,2,33,30.434021
Devonshire,2023,2,3,3,33,27.516493
Devonshire,2023,2,2,0,18,12.001935
Devonshire,2023,2,1,3,28,28.720005
Devonshire,2023,2,4,0,13,10.79076
Devonshire,2023,2,7,2,21,29.599758
Devonshire,2023,2,3,0,15,11.032938
Devonshire,2023,2,4,2,26,27.771713
Devonshire,2023,2,7,3,34,31.72181
Devonshire,2023,2,7,0,13,16.239754
Devonshire,2023,2,1,0,13,15.800369
Devonshire,2023,2,7,1,11,17.266619
Devonshire,2023,2,6,3,38,31.1276
Devonshire,2023,2,2,1,19,16.404573
Devonshire,2023,2,3,1,20,16.192179
Devonshire,2023,3,1,0,12,15.6581545
Devonshire,2023,3,6,2,60,29.654335
Devonshire,2023,3,5,2,46,28.462341
Devonshire,2023,3,3,1,14,18.38634
Devonshire,2023,3,3,3,24,29.845106
Devonshire,2023,3,6,0,15,11.139427
Devonshire,2023,3,1,2,34,26.930696
Devonshire,2023,3,2,0,12,13.517264
Devonshire,2023,3,7,1,9,14.793139
Devonshire,2023,3,6,1,28,15.905753
Devonshire,2023,3,7,0,13,13.766272
Devonshire,2023,3,5,3,43,29.016588
Devonshire,2023,3,2,1,19,18.011808
Devonshire,2023,3,4,3,46,30.322704
Devonshire,2023,3,7,2,33,26.483103
Devonshire,2023,3,2,2,30,29.145332
Devonshire,2023,3,3,2,27,29.520012
Devonshire,2023,3,5,0,14,11.315217
Devonshire,2023,3,6,3,48,30.082703
Devonshire,2023,3,1,3,25,28.24707
Devonshire,2023,3,7,3,22,28.102228
Devonshire,2023,3,1,1,14,14.650293
Devonshire,2023,3,3,0,11,13.135195
Devonshire,2023,3,4,2,34,29.99761
Devonshire,2023,3,4,0,24,12.802584
Devonshire,2023,3,2,3,29,29.442919
Devonshire,2023,3,4,1,22,18.053728
Devonshire,2023,3,5,1,20,16.51846
Devonshire,2023,4,5,1,12,17.758171
Devonshire,2023,4,2,1,15,16.302904
Devonshire,2023,4,5,3,28,29.583382
Devonshire,2023,4,6,2,37,31.614773
Devonshire,2023,4,2,3,29,27.15862
Devonshire,2023,4,3,2,34,26.827589
Devonshire,2023,4,7,2,57,28.719051
Devonshire,2023,4,1,2,32,25.55568
Devonshire,2023,4,7,3,40,30.138773
Devonshire,2023,4,6,1,11,17.631914
Devonshire,2023,4,2,0,23,11.945735
Devonshire,2023,4,4,1,19,16.186663
Devonshire,2023,4,2,2,37,27.060438
Devonshire,2023,4,3,1,20,16.069906
Devonshire,2023,4,1,0,18,14.796502
Devonshire,2023,4,6,0,11,12.86559
Devonshire,2023,4,7,1,19,16.4692
Devonshire,2023,4,1,3,39,26.67265
Devonshire,2023,4,4,0,10,10.9355135
Devonshire,2023,4,6,3,46,31.843735
Devonshire,2023,4,5,2,33,29.457691
Devonshire,2023,4,7,0,18,15.442331
Devonshire,2023,4,1,1,17,13.651269
Devonshire,2023,4,3,0,17,10.956134
Devonshire,2023,4,4,3,28,28.011873
Devonshire,2023,4,5,0,15,12.554924
Devonshire,2023,4,4,2,34,27.886183
Devonshire,2023,4,3,3,27,26.95328
Devonshire,2023,5,4,0,11,12.092224
Devonshire,2023,5,3,2,48,27.964994
Devonshire,2023,5,6,2,37,31.293955
Devonshire,2023,5,5,2,30,28.525038
Devonshire,2023,5,2,1,31,18.608402
Devonshire,2023,5,3,1,16,16.96699
Devonshire,2023,5,3,3,43,28.345123
Devonshire,2023,5,4,1,31,16.75752
Devonshire,2023,5,7,1,14,18.055645
Devonshire,2023,5,5,3,31,28.905169
Devonshire,2023,5,5,0,11,12.099574
Devonshire,2023,5,7,2,21,30.71956
Devonshire,2023,5,3,0,6,12.168532
Devonshire,2023,5,7,0,8,16.238731
Devonshire,2023,5,6,1,22,17.230085
Devonshire,2023,5,4,2,39,28.565596
Devonshire,2023,5,6,3,37,31.777334
Devonshire,2023,5,5,1,20,16.716963
Devonshire,2023,5,1,1,13,17.025682
Devonshire,2023,5,2,2,35,29.191086
Devonshire,2023,5,2,3,41,30.172504
Devonshire,2023,5,4,3,41,28.945723
Devonshire,2023,5,7,3,20,33.66452
Devonshire,2023,5,6,0,11,13.049617
Devonshire,2023,5,2,0,13,13.971906
Devonshire,2023,5,1,0,18,17.791275
Devonshire,2023,5,1,2,22,28.934061
Devonshire,2023,5,1,3,37,31.576292
Devonshire,2023,6,4,2,33,30.046711
Devonshire,2023,6,4,0,9,12.777045
Devonshire,2023,6,2,0,10,13.844739
Devonshire,2023,6,4,1,9,18.391045
Devonshire,2023,6,2,1,21,18.677586
Devonshire,2023,6,3,2,31,29.312946
Devonshire,2023,6,3,0,14,12.8533535
Devonshire,2023,6,5,1,24,17.564907
Devonshire,2023,6,7,1,12,15.570231
Devonshire,2023,6,2,3,26,30.294445
Devonshire,2023,6,6,0,17,12.44268
Devonshire,2023,6,7,0,15,15.32496
Devonshire,2023,6,4,3,27,31.178207
Devonshire,2023,6,3,3,39,30.291847
Devonshire,2023,6,6,1,21,16.663742
Devonshire,2023,6,6,2,46,30.067415
Devonshire,2023,6,5,3,35,30.35207
Devonshire,2023,6,5,2,42,29.220573
Devonshire,2023,6,2,2,35,29.343052
Devonshire,2023,6,1,3,33,30.054485
Devonshire,2023,6,3,1,11,18.46735
Devonshire,2023,6,1,1,15,15.097716
Devonshire,2023,6,5,0,26,12.745871
Devonshire,2023,6,7,2,29,27.297703
Devonshire,2023,6,6,3,47,31.302172
Devonshire,2023,6,1,0,14,17.434952
Devonshire,2023,6,7,3,31,30.842316
Devonshire,2023,6,1,2,21,26.812624
Devonshire,2023,7,6,3,22,35.74201
Devonshire,2023,7,3,0,17,12.331266
Devonshire,2023,7,1,2,34,27.13066
Devonshire,2023,7,5,1,17,17.523375
Devonshire,2023,7,3,3,14,29.129316
Devonshire,2023,7,6,0,14,14.921785
Devonshire,2023,7,4,0,16,12.34737
Devonshire,2023,7,2,2,32,28.180521
Devonshire,2023,7,1,1,18,15.537893
Devonshire,2023,7,2,0,9,13.322652
Devonshire,2023,7,7,1,28,18.616365
Devonshire,2023,7,7,2,31,30.789965
Devonshire,2023,7,7,0,25,17.637985
Devonshire,2023,7,1,0,19,17.142021
Devonshire,2023,7,6,1,20,19.93699
Devonshire,2023,7,4,3,33,30.310205
Devonshire,2023,7,5,2,44,29.180172
Devonshire,2023,7,5,0,8,12.396737
Devonshire,2023,7,5,3,35,30.311668
Devonshire,2023,7,7,3,53,33.601467
Devonshire,2023,7,4,1,18,17.521912
Devonshire,2023,7,6,2,34,34.507244
Devonshire,2023,7,3,1,17,17.303688
Devonshire,2023,7,2,3,35,29.131914
Devonshire,2023,7,2,1,19,17.513924
Devonshire,2023,7,3,2,29,28.150415
Devonshire,2023,7,1,3,39,29.639414
Devonshire,2023,7,4,2,25,29.178709
Devonshire,2023,8,7,1,7,16.354733
Devonshire,2023,8,5,1,24,17.275703
Devonshire,2023,8,7,3,34,31.048153
Devonshire,2023,8,6,1,11,16.821438
Devonshire,2023,8,2,1,17,18.157988
Devonshire,2023,8,7,0,10,15.376353
Devonshire,2023,8,1,3,22,30.28101
Devonshire,2023,8,3,0,17,12.42334
Devonshire,2023,8,3,2,44,28.212797
Devonshire,2023,8,5,0,15,12.149068
Devonshire,2023,8,2,2,18,28.63135
Devonshire,2023,8,6,2,25,30.551914
Devonshire,2023,8,4,3,35,30.056112
Devonshire,2023,8,4,2,41,28.90135
Devonshire,2023,8,5,3,50,30.057575
Devonshire,2023,8,1,2,22,27.581488
Devonshire,2023,8,2,0,11,13.966716
Devonshire,2023,8,4,0,13,12.099701
Devonshire,2023,8,4,1,18,17.27424
Devonshire,2023,8,5,2,43,28.902813
Devonshire,2023,8,7,2,36,28.21338
Devonshire,2023,8,3,1,17,17.395758
Devonshire,2023,8,1,1,25,16.181957
Devonshire,2023,8,3,3,40,29.214964
Devonshire,2023,8,6,0,17,12.153688
Devonshire,2023,8,6,3,38,31.809937
Devonshire,2023,8,2,3,39,29.77351
Devonshire,2023,8,1,0,17,17.786085
Devonshire,2023,9,2,3,34,28.412495
Devonshire,2023,9,3,2,37,27.444672
Devonshire,2023,9,3,1,20,16.874916
Devonshire,2023,9,7,1,16,15.806819
Devonshire,2023,9,7,2,48,28.020376
Devonshire,2023,9,6,2,51,30.886961
Devonshire,2023,9,1,0,18,16.372295
Devonshire,2023,9,5,3,32,30.248365
Devonshire,2023,9,5,1,12,17.366371
Devonshire,2023,9,2,2,17,27.343815
Devonshire,2023,9,4,3,25,30.246902
Devonshire,2023,9,3,3,28,28.513351
Devonshire,2023,9,3,0,12,11.830061
Devonshire,2023,9,2,0,10,12.552929
Devonshire,2023,9,4,0,18,12.117931
Devonshire,2023,9,2,1,13,16.816633
Devonshire,2023,9,5,0,13,12.167298
Devonshire,2023,9,6,3,48,32.2115
Devonshire,2023,9,6,1,20,16.980862
Devonshire,2023,9,1,2,20,26.293953
Devonshire,2023,9,1,3,28,28.919994
Devonshire,2023,9,6,0,13,12.240676
Devonshire,2023,9,4,2,34,29.025627
Devonshire,2023,9,1,1,15,14.840609
Devonshire,2023,9,5,2,39,29.02709
Devonshire,2023,9,7,0,20,14.756006
Devonshire,2023,9,4,1,19,17.364908
Devonshire,2023,9,7,3,40,30.921661
Devonshire,2023,10,3,1,24,16.41399
Devonshire,2023,10,3,0,7,11.455815
Devonshire,2023,10,4,0,17,11.486496
Devonshire,2023,10,5,2,36,28.56389
Devonshire,2023,10,5,3,26,29.731886
Devonshire,2023,10,3,2,46,26.928728
Devonshire,2023,10,7,2,20,32.275177
Devonshire,2023,10,1,0,22,18.18717
Devonshire,2023,10,6,0,13,14.416398
Devonshire,2023,10,1,3,44,30.259138
Devonshire,2023,10,4,2,31,28.252491
Devonshire,2023,10,7,3,40,35.809948
Devonshire,2023,10,1,2,26,27.306114
Devonshire,2023,10,1,1,20,15.907788
Devonshire,2023,10,2,2,40,27.063826
Devonshire,2023,10,7,1,16,18.689314
Devonshire,2023,10,6,3,39,35.882168
Devonshire,2023,10,5,0,14,11.8458
Devonshire,2023,10,2,1,20,16.591661
Devonshire,2023,10,2,0,21,12.41464
Devonshire,2023,10,7,0,12,17.547934
Devonshire,2023,10,2,3,37,28.079226
Devonshire,2023,10,3,3,36,27.944128
Devonshire,2023,10,6,2,47,34.304398
Devonshire,2023,10,4,1,15,16.64679
Devonshire,2023,10,4,3,32,29.420486
Devonshire,2023,10,6,1,16,19.247154
Devonshire,2023,10,5,1,9,16.958189
Devonshire,2023,11,6,2,33,29.766422
Devonshire,2023,11,5,0,18,11.470398
Devonshire,2023,11,2,0,5,13.133771
Devonshire,2023,11,3,0,11,12.372667
Devonshire,2023,11,5,1,19,16.70365
Devonshire,2023,11,1,1,21,15.108178
Devonshire,2023,11,4,3,47,29.98382
Devonshire,2023,11,3,1,17,17.530642
Devonshire,2023,11,1,2,36,26.921068
Devonshire,2023,11,5,2,40,28.5239
Devonshire,2023,11,2,2,26,28.239876
Devonshire,2023,11,4,2,52,29.110514
Devonshire,2023,11,4,1,17,17.290264
Devonshire,2023,11,6,3,38,30.743
Devonshire,2023,11,6,0,11,11.456197
Devonshire,2023,11,4,0,16,11.930171
Devonshire,2023,11,7,2,25,26.436481
Devonshire,2023,11,7,1,14,14.985791
Devonshire,2023,11,5,3,27,29.397205
Devonshire,2023,11,6,1,17,16.19638
Devonshire,2023,11,2,3,30,28.960587
Devonshire,2023,11,1,3,24,28.414776
Devonshire,2023,11,7,3,24,28.205433
Devonshire,2023,11,3,2,38,28.259928
Devonshire,2023,11,3,3,29,28.980639
Devonshire,2023,11,2,1,15,17.51059
Devonshire,2023,11,1,0,10,16.6016
Devonshire,2023,11,7,0,12,13.655635
Devonshire,2023,12,5,1,8,18.78111
Devonshire,2023,12,2,2,24,27.70109
Devonshire,2023,12,3,3,30,28.516012
Devonshire,2023,12,5,3,30,33.26049
Devonshire,2023,12,7,1,26,16.115963
Devonshire,2023,12,7,2,31,29.10563
Devonshire,2023,12,1,0,12,13.569423
Devonshire,2023,12,6,0,11,13.465683
Devonshire,2023,12,2,0,10,10.968959
Devonshire,2023,12,2,1,15,16.385006
Devonshire,2023,12,1,2,45,25.794594
Devonshire,2023,12,5,2,40,33.022438
Devonshire,2023,12,4,2,33,32.997833
Devonshire,2023,12,7,3,47,30.223637
Devonshire,2023,12,4,0,16,13.396422
Devonshire,2023,12,2,3,27,27.871181
Devonshire,2023,12,1,1,21,13.727751
Devonshire,2023,12,5,0,6,13.547866
Devonshire,2023,12,3,2,37,28.26271
Devonshire,2023,12,6,2,48,34.638737
Devonshire,2023,12,4,1,25,18.756508
Devonshire,2023,12,6,3,54,34.98006
Devonshire,2023,12,6,1,30,18.20587
Devonshire,2023,12,3,1,20,16.946627
Devonshire,2023,12,3,0,12,11.788655
Devonshire,2023,12,7,0,27,14.785801
Devonshire,2023,12,1,3,36,26.721992
Devonshire,2023,12,4,3,25,33.235886
Foothill,2023,1,2,3,31,25.05865
Foothill,2023,1,2,0,13,10.744671
Foothill,2023,1,1,0,9,13.960448
Foothill,2023,1,1,3,21,26.600222
Foothill,2023,1,4,2,24,25.837883
Foothill,2023,1,6,2,27,30.789574
Foothill,2023,1,5,1,9,14.485864
Foothill,2023,1,7,0,13,14.011385
Foothill,2023,1,1,1,14,13.220102
Foothill,2023,1,2,1,15,14.573126
Foothill,2023,1,3,0,13,8.5556965
Foothill,2023,1,7,2,19,24.802198
Foothill,2023,1,5,0,15,9.64268
Foothill,2023,1,5,3,19,23.989641
Foothill,2023,1,4,0,15,11.730393
Foothill,2023,1,1,2,35,24.952614
Foothill,2023,1,3,2,24,22.537073
Foothill,2023,1,4,3,24,24.498793
Foothill,2023,1,3,3,27,23.66784
Foothill,2023,1,3,1,17,13.025746
Foothill,2023,1,2,2,20,24.340466
Foothill,2023,1,5,2,18,23.800217
Foothill,2023,1,6,3,17,30.36568
Foothill,2023,1,7,3,23,26.71552
Foothill,2023,1,6,0,11,13.348802
Foothill,2023,1,6,1,9,17.649887
Foothill,2023,1,4,1,14,16.556206
Foothill,2023,1,7,1,11,15.610251
Foothill,2023,2,6,1,13,14.309143
Foothill,2023,2,3,0,9,9.621214
Foothill,2023,2,5,2,21,22.93204
Foothill,2023,2,1,2,20,22.691708
Foothill,2023,2,3,3,9,23.661327
Foothill,2023,2,4,0,13,9.278956
Foothill,2023,2,5,1,9,13.883026
Foothill,2023,2,7,2,13,23.29223
Foothill,2023,2,7,1,10,14.907624
Foothill,2023,2,5,3,21,22.9288
Foothill,2023,2,2,2,22,22.668743
Foothill,2023,2,2,1,18,13.500115
Foothill,2023,2,6,0,8,9.959554
Foothill,2023,2,7,0,10,13.260261
Foothill,2023,2,2,0,16,9.62316
Foothill,2023,2,7,3,26,25.800043
Foothill,2023,2,5,0,10,8.991343
Foothill,2023,2,2,3,15,23.506372
Foothill,2023,2,4,3,19,23.178131
Foothill,2023,2,3,2,14,23.406382
Foothill,2023,2,1,3,18,24.724894
Foothill,2023,2,1,1,5,12.255669
Foothill,2023,2,3,1,16,14.139764
Foothill,2023,2,6,3,22,25.992138
Foothill,2023,2,1,0,8,12.947514
Foothill,2023,2,4,2,22,23.169607
Foothill,2023,2,4,1,15,14.153274
Foothill,2023,2,6,2,24,25.85313
Foothill,2023,3,6,0,10,9.598552
Foothill,2023,3,2,0,8,11.428087
Foothill,2023,3,1,2,24,23.770699
Foothill,2023,3,3,0,11,11.2620325
Foothill,2023,3,1,0,10,13.72587
Foothill,2023,3,6,2,34,25.586445
Foothill,2023,3,4,3,33,24.92348
Foothill,2023,3,7,0,14,11.984596
Foothill,2023,3,5,2,33,23.688536
Foothill,2023,3,3,1,11,15.872484
Foothill,2023,3,5,1,15,14.470516
Foothill,2023,3,7,3,19,23.60357
Foothill,2023,3,4,1,20,15.833433
Foothill,2023,3,1,3,18,24.905151
Foothill,2023,3,1,1,13,13.034025
Foothill,2023,3,6,1,18,14.042456
Foothill,2023,3,7,1,8,13.63196
Foothill,2023,3,2,1,10,15.396944
Foothill,2023,3,3,3,13,25.590862
Foothill,2023,3,3,2,18,25.439732
Foothill,2023,3,5,0,16,9.58969
Foothill,2023,3,4,0,16,10.904703
Foothill,2023,3,6,3,23,25.513256
Foothill,2023,3,5,3,18,23.810633
Foothill,2023,3,7,2,20,21.690954
Foothill,2023,3,2,2,33,24.866205
Foothill,2023,3,2,3,18,25.13268
Foothill,2023,3,4,2,24,25.01877
Foothill,2023,4,7,0,21,13.5609455
Foothill,2023,4,7,3,28,25.465591
Foothill,2023,4,3,2,21,23.37973
Foothill,2023,4,1,1,13,12.250976
Foothill,2023,4,4,0,8,9.569623
Foothill,2023,4,3,1,7,14.06332
Foothill,2023,4,6,3,16,27.099766
Foothill,2023,4,7,2,30,23.752378
Foothill,2023,4,4,1,7,14.498353
Foothill,2023,4,2,3,25,23.286259
Foothill,2023,4,7,1,20,15.208309
Foothill,2023,4,4,2,15,23.564482
Foothill,2023,4,1,2,18,22.736807
Foothill,2023,4,5,0,9,10.994147
Foothill,2023,4,6,0,9,11.225004
Foothill,2023,4,3,0,10,9.590243
Foothill,2023,4,2,1,22,14.000768
Foothill,2023,4,5,2,25,24.973782
Foothill,2023,4,6,2,25,27.372358
Foothill,2023,4,1,3,39,23.671856
Foothill,2023,4,2,0,13,10.169286
Foothill,2023,4,3,3,15,23.331457
Foothill,2023,4,5,3,25,24.667324
Foothill,2023,4,5,1,7,15.874973
Foothill,2023,4,2,2,25,23.219187
Foothill,2023,4,4,3,18,23.269787
Foothill,2023,4,6,1,12,15.668908
Foothill,2023,4,1,0,13,13.080195
Foothill,2023,5,1,3,20,28.32387
Foothill,2023,5,2,0,11,12.00812
Foothill,2023,5,7,1,10,15.998886
Foothill,2023,5,2,2,35,25.134092
Foothill,2023,5,4,0,9,10.524035
Foothill,2023,5,3,2,30,24.122519
Foothill,2023,5,6,1,15,15.151718
Foothill,2023,5,7,3,26,28.078907
Foothill,2023,5,3,3,24,24.432537
Foothill,2023,5,5,0,7,10.5104685
Foothill,2023,5,6,3,19,26.693007
Foothill,2023,5,5,2,14,23.820482
Foothill,2023,5,3,0,14,10.600344
Foothill,2023,5,7,2,22,24.913725
Foothill,2023,5,7,0,11,13.561475
Foothill,2023,5,4,3,15,23.776321
Foothill,2023,5,4,2,24,23.849277
Foothill,2023,5,1,0,11,15.788484
Foothill,2023,5,2,3,36,26.14766
Foothill,2023,5,2,1,12,16.11893
Foothill,2023,5,1,2,15,25.8003
Foothill,2023,5,4,1,11,14.866911
Foothill,2023,5,5,3,11,23.735767
Foothill,2023,5,6,2,26,26.74386
Foothill,2023,5,6,0,11,11.293669
Foothill,2023,5,1,1,11,15.338906
Foothill,2023,5,5,1,8,14.80544
Foothill,2023,5,3,1,12,14.758104
Foothill,2023,6,3,2,21,25.300522
Foothill,2023,6,4,1,11,16.249214
Foothill,2023,6,5,3,29,24.888172
Foothill,2023,6,6,1,13,14.757952
Foothill,2023,6,3,1,14,16.007244
Foothill,2023,6,1,2,25,23.59994
Foothill,2023,6,2,2,19,25.2664
Foothill,2023,6,5,2,20,24.34607
Foothill,2023,6,5,0,11,10.905538
Foothill,2023,6,6,0,9,10.859307
Foothill,2023,6,6,2,29,25.84599
Foothill,2023,6,7,1,21,13.686056
Foothill,2023,6,7,2,24,21.820536
Foothill,2023,6,1,0,17,15.436017
Foothill,2023,6,7,3,29,25.585348
Foothill,2023,6,3,0,16,11.033937
Foothill,2023,6,5,1,20,15.402159
Foothill,2023,6,2,0,22,11.9440775
Foothill,2023,6,4,2,13,25.160444
Foothill,2023,6,6,3,30,26.421957
Foothill,2023,6,4,0,14,10.957629
Foothill,2023,6,1,1,9,13.414801
Foothill,2023,6,2,1,17,16.251238
Foothill,2023,6,1,3,21,26.723139
Foothill,2023,6,7,0,8,12.820284
Foothill,2023,6,2,3,24,26.125393
Foothill,2023,6,4,3,13,25.71431
Foothill,2023,6,3,3,28,26.084764
Foothill,2023,7,3,0,12,10.3328495
Foothill,2023,7,2,0,13,11.24299
Foothill,2023,7,2,2,21,24.12159
Foothill,2023,7,7,1,12,15.933022
Foothill,2023,7,7,2,22,24.752266
Foothill,2023,7,3,2,28,24.155712
Foothill,2023,7,6,3,31,30.808397
Foothill,2023,7,1,3,28,26.39045
Foothill,2023,7,7,0,13,14.334142
Foothill,2023,7,4,2,19,24.310163
Foothill,2023,7,2,1,23,14.908572
Foothill,2023,7,1,2,28,24.000357
Foothill,2023,7,6,0,5,12.629216
Foothill,2023,7,4,3,23,25.229176
Foothill,2023,7,3,3,27,24.939955
Foothill,2023,7,2,3,29,24.980583
Foothill,2023,7,5,3,22,25.230639
Foothill,2023,7,5,1,17,15.181624
Foothill,2023,7,6,1,17,17.322008
Foothill,2023,7,4,0,18,10.348953
Foothill,2023,7,3,1,13,14.664578
Foothill,2023,7,6,2,25,29.867283
Foothill,2023,7,1,1,12,13.740638
Foothill,2023,7,7,3,30,28.149118
Foothill,2023,7,4,1,11,15.201078
Foothill,2023,7,1,0,13,15.330432
Foothill,2023,7,5,2,21,24.32339
Foothill,2023,7,5,0,8,10.377403
Foothill,2023,8,6,3,26,26.559164
Foothill,2023,8,2,1,9,15.427729
Foothill,2023,8,7,1,13,13.594591
Foothill,2023,8,5,2,24,23.315762
Foothill,2023,8,3,2,27,23.487825
Foothill,2023,8,4,0,11,9.784824
Foothill,2023,8,7,0,11,11.995713
Foothill,2023,8,5,1,14,14.617495
Foothill,2023,8,1,2,13,23.047152
Foothill,2023,8,2,0,15,11.762146
Foothill,2023,8,6,2,22,26.032152
Foothill,2023,8,3,0,15,10.108463
Foothill,2023,8,7,3,30,24.723743
Foothill,2023,8,4,2,25,23.302536
Foothill,2023,8,5,3,30,23.739502
Foothill,2023,8,1,1,3,13.678129
Foothill,2023,8,7,2,25,21.87795
Foothill,2023,8,1,0,13,15.057247
Foothill,2023,8,5,0,6,9.813274
Foothill,2023,8,2,2,17,24.033705
Foothill,2023,8,4,3,16,23.738039
Foothill,2023,8,4,1,15,14.636949
Foothill,2023,8,6,1,11,14.2694025
Foothill,2023,8,2,3,26,24.305637
Foothill,2023,8,3,1,19,14.440192
Foothill,2023,8,1,3,23,24.782633
Foothill,2023,8,6,0,15,9.92407
Foothill,2023,8,3,3,31,23.667355
Foothill,2023,9,5,2,10,23.89975
Foothill,2023,9,7,3,20,25.13244
Foothill,2023,9,1,3,12,23.160173
Foothill,2023,9,1,1,18,12.13207
Foothill,2023,9,4,1,15,15.183479
Foothill,2023,9,7,1,14,13.644535
Foothill,2023,9,4,2,26,23.886524
Foothill,2023,9,3,2,28,23.212852
Foothill,2023,9,5,0,10,10.28737
Foothill,2023,9,4,0,5,10.25892
Foothill,2023,9,5,1,15,15.164025
Foothill,2023,9,5,3,16,24.32349
Foothill,2023,9,3,1,11,14.375214
Foothill,2023,9,3,0,14,9.971049
Foothill,2023,9,4,3,20,24.322027
Foothill,2023,9,2,2,17,22.713736
Foothill,2023,9,3,3,16,23.392382
Foothill,2023,9,6,0,12,10.466923
Foothill,2023,9,2,0,7,10.278638
Foothill,2023,9,2,3,17,22.818167
Foothill,2023,9,1,2,18,21.592194
Foothill,2023,9,1,0,20,13.438751
Foothill,2023,9,6,1,18,14.88469
Foothill,2023,9,7,2,28,22.286648
Foothill,2023,9,6,2,37,26.82691
Foothill,2023,9,2,1,14,14.016656
Foothill,2023,9,7,0,20,11.973221
Foothill,2023,9,6,3,25,27.353922
Foothill,2023,10,5,2,11,23.2741
Foothill,2023,10,4,0,11,10.334994
Foothill,2023,10,1,2,24,21.730204
Foothill,2023,10,3,1,19,14.372076
Foothill,2023,10,2,1,17,13.945497
Foothill,2023,10,5,3,30,23.820177
Foothill,2023,10,1,3,27,23.800783
Foothill,2023,10,1,0,15,15.046831
Foothill,2023,10,7,2,13,26.17333
Foothill,2023,10,2,0,11,10.294162
Foothill,2023,10,1,1,13,12.835944
Foothill,2023,10,5,1,18,15.35396
Foothill,2023,10,4,2,17,23.060331
Foothill,2023,10,4,3,27,23.618172
Foothill,2023,10,6,3,24,29.665134
Foothill,2023,10,3,3,27,22.945719
Foothill,2023,10,3,2,28,22.643852
Foothill,2023,10,2,3,30,22.303482
Foothill,2023,10,6,2,22,28.921528
Foothill,2023,10,7,1,12,16.345205
Foothill,2023,10,3,0,22,10.054596
Foothill,2023,10,7,3,27,28.990967
Foothill,2023,10,5,0,8,10.563989
Foothill,2023,10,7,0,13,14.866375
Foothill,2023,10,6,1,12,16.432001
Foothill,2023,10,4,1,10,15.17287
Foothill,2023,10,2,2,27,22.076714
Foothill,2023,10,6,0,8,12.01423
Foothill,2023,11,3,1,11,15.2833395
Foothill,2023,11,2,3,22,22.493704
Foothill,2023,11,5,1,15,14.79525
Foothill,2023,11,3,0,8,10.825789
Foothill,2023,11,4,0,8,10.633011
Foothill,2023,11,7,1,12,14.018086
Foothill,2023,11,5,3,34,22.83561
Foothill,2023,11,7,2,22,23.287283
Foothill,2023,11,1,1,9,12.185257
Foothill,2023,11,7,0,14,12.259922
Foothill,2023,11,6,0,19,10.311744
Foothill,2023,11,7,3,22,24.803019
Foothill,2023,11,1,3,20,22.297428
Foothill,2023,11,3,2,18,23.441381
Foothill,2023,11,4,2,32,23.384684
Foothill,2023,11,4,1,17,15.610956
Foothill,2023,11,2,0,9,10.458906
Foothill,2023,11,3,3,22,23.332342
Foothill,2023,11,5,2,29,22.601654
Foothill,2023,11,1,0,17,13.610185
Foothill,2023,11,6,1,15,14.729511
Foothill,2023,11,4,3,49,23.531618
Foothill,2023,11,5,0,19,9.944145
Foothill,2023,11,1,2,13,21.165798
Foothill,2023,11,6,2,23,25.294874
Foothill,2023,11,6,3,24,25.632101
Foothill,2023,11,2,1,12,14.250311
Foothill,2023,11,2,2,22,22.310364
Foothill,2023,12,1,3,34,21.415407
Foothill,2023,12,3,1,13,14.689801
Foothill,2023,12,6,3,42,30.008635
Foothill,2023,12,2,2,13,21.506998
Foothill,2023,12,6,1,20,16.255852
Foothill,2023,12,7,3,26,27.80674
Foothill,2023,12,1,0,14,11.001739
Foothill,2023,12,7,1,26,15.381465
Foothill,2023,12,4,1,13,16.93713
Foothill,2023,12,2,0,6,8.137397
Foothill,2023,12,6,2,33,29.127699
Foothill,2023,12,4,3,17,26.640913
Foothill,2023,12,3,2,29,23.78468
Foothill,2023,12,3,0,7,10.25872
Foothill,2023,12,2,1,13,12.510108
Foothill,2023,12,4,2,10,26.627787
Foothill,2023,12,5,3,16,26.355108
Foothill,2023,12,5,1,18,16.531628
Foothill,2023,12,1,1,17,10.821063
Foothill,2023,12,1,2,26,20.405598
Foothill,2023,12,2,3,18,21.402163
Foothill,2023,12,4,0,10,11.985655
Foothill,2023,12,7,2,28,25.772152
Foothill,2023,12,5,2,25,26.254961
Foothill,2023,12,3,3,29,23.813057
Foothill,2023,12,5,0,11,11.706991
Foothill,2023,12,6,0,12,11.864552
Foothill,2023,12,7,0,13,13.623301
Harbor,2023,1,2,2,41,29.654898
Harbor,2023,1,2,0,13,14.959715
Harbor,2023,1,3,2,38,26.737604
Harbor,2023,1,3,1,24,16.768063
Harbor,2023,1,4,3,32,31.465048
Harbor,2023,1,7,0,15,17.577843
Harbor,2023,1,6,1,23,22.16758
Harbor,2023,1,5,3,18,31.383492
Harbor,2023,1,6,2,32,36.31137
Harbor,2023,1,7,2,23,32.291073
Harbor,2023,1,1,1,18,16.960821
Harbor,2023,1,5,2,18,30.498955
Harbor,2023,1,1,3,36,31.655985
Harbor,2023,1,2,1,31,19.23878
Harbor,2023,1,3,0,9,11.156252
Harbor,2023,1,3,3,32,28.027628
Harbor,2023,1,5,0,16,13.840412
Harbor,2023,1,1,2,27,29.726143
Harbor,2023,1,2,3,44,30.12158
Harbor,2023,1,4,1,15,20.946857
Harbor,2023,1,5,1,11,19.50708
Harbor,2023,1,7,1,17,19.468159
Harbor,2023,1,6,3,25,36.651997
Harbor,2023,1,6,0,22,17.043
Harbor,2023,1,7,3,30,34.4115
Harbor,2023,1,4,2,22,31.881107
Harbor,2023,1,4,0,9,15.297556
Harbor,2023,1,1,0,21,17.807447
Harbor,2023,2,2,3,22,28.73958
Harbor,2023,2,4,2,27,28.52795
Harbor,2023,2,7,3,25,33.025444
Harbor,2023,2,4,3,20,29.09693
Harbor,2023,2,3,2,47,28.013918
Harbor,2023,2,5,0,11,11.812465
Harbor,2023,2,1,3,36,29.581388
Harbor,2023,2,7,2,25,30.80296
Harbor,2023,2,2,2,26,28.174408
Harbor,2023,2,1,0,14,16.731827
Harbor,2023,2,6,0,12,12.922389
Harbor,2023,2,5,2,30,28.429155
Harbor,2023,2,7,0,12,16.067307
Harbor,2023,2,1,1,18,15.933703
Harbor,2023,2,3,3,33,28.582897
Harbor,2023,2,4,0,13,11.98625
Harbor,2023,2,6,2,36,31.19355
Harbor,2023,2,6,3,23,31.974169
Harbor,2023,2,7,1,10,18.006123
Harbor,2023,2,3,0,10,12.230375
Harbor,2023,2,3,1,16,17.89069
Harbor,2023,2,2,0,13,13.77552
Harbor,2023,2,2,1,15,18.103085
Harbor,2023,2,4,1,8,17.684052
Harbor,2023,2,1,2,25,27.65647
Harbor,2023,2,5,1,16,17.527632
Harbor,2023,2,6,1,25,18.09547
Harbor,2023,2,5,3,31,28.998135
Harbor,2023,3,3,3,21,31.302938
Harbor,2023,3,2,2,25,30.29261
Harbor,2023,3,3,2,42,30.89079
Harbor,2023,3,3,1,20,20.284298
Harbor,2023,3,4,2,42,31.353882
Harbor,2023,3,3,0,9,14.532081
Harbor,2023,3,6,3,28,31.01084
Harbor,2023,3,6,2,38,30.49544
Harbor,2023,3,7,3,21,29.615946
Harbor,2023,3,5,2,31,29.235765
Harbor,2023,3,1,1,14,15.819191
Harbor,2023,3,7,2,37,27.896387
Harbor,2023,3,2,3,29,30.67725
Harbor,2023,3,1,0,22,16.617315
Harbor,2023,3,6,0,5,12.363752
Harbor,2023,3,5,1,14,18.009663
Harbor,2023,3,1,2,19,27.91133
Harbor,2023,3,2,1,16,19.738022
Harbor,2023,3,5,0,17,12.305346
Harbor,2023,3,4,1,25,20.026718
Harbor,2023,3,4,3,42,31.76603
Harbor,2023,3,1,3,32,29.328136
Harbor,2023,3,7,1,8,15.843788
Harbor,2023,3,4,0,10,14.2745
Harbor,2023,3,7,0,11,13.904962
Harbor,2023,3,2,0,8,15.318553
Harbor,2023,3,6,1,18,17.631153
Harbor,2023,3,5,3,39,29.877064
Harbor,2023,4,5,1,14,19.535616
Harbor,2023,4,2,0,17,13.975629
Harbor,2023,4,7,0,21,15.88216
Harbor,2023,4,6,0,9,14.39105
Harbor,2023,4,5,3,26,30.684525
Harbor,2023,4,3,3,37,28.434664
Harbor,2023,4,2,1,8,18.395096
Harbor,2023,4,7,2,43,30.697565
Harbor,2023,4,3,1,12,18.006426
Harbor,2023,4,4,0,8,12.211886
Harbor,2023,4,6,2,28,33.02111
Harbor,2023,4,4,2,25,28.900272
Harbor,2023,4,4,1,23,17.964108
Harbor,2023,4,2,2,30,28.558685
Harbor,2023,4,1,1,24,15.186144
Harbor,2023,4,2,3,19,28.743921
Harbor,2023,4,3,0,12,12.254206
Harbor,2023,4,4,3,22,29.113016
Harbor,2023,4,6,1,15,19.658447
Harbor,2023,4,3,2,20,28.22192
Harbor,2023,4,5,0,7,13.831297
Harbor,2023,4,1,3,46,28.104685
Harbor,2023,4,7,1,16,17.82098
Harbor,2023,4,7,3,34,32.217716
Harbor,2023,4,1,0,20,15.984266
Harbor,2023,4,6,3,36,33.33711
Harbor,2023,4,1,2,26,26.887281
Harbor,2023,4,5,2,24,30.47178
Harbor,2023,5,7,2,23,32.59176
Harbor,2023,5,1,3,33,32.731617
Harbor,2023,5,2,0,11,16.702328
Harbor,2023,5,1,1,15,18.550339
Harbor,2023,5,5,2,26,29.388483
Harbor,2023,5,5,0,14,13.939167
Harbor,2023,5,1,2,28,29.942133
Harbor,2023,5,4,0,9,13.931817
Harbor,2023,5,2,1,19,20.646034
Harbor,2023,5,5,1,14,18.584558
Harbor,2023,5,3,1,24,18.776438
Harbor,2023,5,3,2,33,28.991457
Harbor,2023,5,6,2,21,32.54963
Harbor,2023,5,4,1,25,18.625116
Harbor,2023,5,6,3,28,33.166904
Harbor,2023,5,7,1,22,19.541914
Harbor,2023,5,6,0,15,15.138299
Harbor,2023,5,2,2,34,30.321465
Harbor,2023,5,4,2,27,29.429037
Harbor,2023,5,4,3,41,29.943045
Harbor,2023,5,3,3,19,29.505465
Harbor,2023,5,5,3,20,29.90249
Harbor,2023,5,1,0,21,19.693916
Harbor,2023,5,3,0,18,13.949977
Harbor,2023,5,2,3,42,31.436762
Harbor,2023,5,7,3,33,35.683987
Harbor,2023,5,6,1,19,19.34677
Harbor,2023,5,7,0,12,17.256124
Harbor,2023,6,2,3,27,31.490429
Harbor,2023,6,6,0,20,14.171067
Harbor,2023,6,6,2,44,30.73278
Harbor,2023,6,4,0,19,14.704039
Harbor,2023,6,6,1,26,18.420126
Harbor,2023,6,1,3,34,31.141542
Harbor,2023,6,5,2,36,30.171415
Harbor,2023,6,4,2,30,30.997553
Harbor,2023,6,1,2,27,27.68851
Harbor,2023,6,3,3,21,31.539587
Harbor,2023,6,2,2,27,30.405157
Harbor,2023,6,3,1,8,20.364197
Harbor,2023,6,7,0,13,15.982055
Harbor,2023,6,5,0,20,14.672864
Harbor,2023,6,7,2,33,28.515673
Harbor,2023,6,4,1,19,20.346039
Harbor,2023,6,6,3,49,32.10141
Harbor,2023,6,2,1,16,20.646944
Harbor,2023,6,3,0,16,14.7221985
Harbor,2023,6,7,3,26,32.27144
Harbor,2023,6,3,2,35,30.426807
Harbor,2023,6,5,1,17,19.519901
Harbor,2023,6,7,1,12,16.632296
Harbor,2023,6,4,3,26,32.262928
Harbor,2023,6,1,1,16,16.49019
Harbor,2023,6,2,0,11,16.50689
Harbor,2023,6,1,0,21,19.26932
Harbor,2023,6,5,3,39,31.43679
Harbor,2023,7,2,0,26,16.021496
Harbor,2023,7,1,1,26,16.967062
Harbor,2023,7,3,3,29,30.331232
Harbor,2023,7,7,1,25,19.882421
Harbor,2023,7,6,1,22,21.897373
Harbor,2023,7,3,0,12,14.236807
Harbor,2023,7,7,0,29,18.499077
Harbor,2023,7,6,3,46,37.104187
Harbor,2023,7,4,3,29,31.25669
Harbor,2023,7,5,3,30,31.258152
Harbor,2023,7,5,2,30,30.031094
Harbor,2023,7,4,1,21,19.421188
Harbor,2023,7,7,3,46,35.593536
Harbor,2023,7,2,2,47,29.235119
Harbor,2023,7,4,0,18,14.218647
Harbor,2023,7,6,2,27,35.37661
Harbor,2023,7,6,0,11,16.854166
Harbor,2023,7,5,1,17,19.422651
Harbor,2023,7,1,3,45,30.803919
Harbor,2023,7,3,2,23,29.25677
Harbor,2023,7,1,0,28,19.013084
Harbor,2023,7,5,0,15,14.268014
Harbor,2023,7,1,2,21,28.12231
Harbor,2023,7,2,1,28,19.519978
Harbor,2023,7,7,2,33,32.21193
Harbor,2023,7,4,2,36,30.02963
Harbor,2023,7,3,1,17,19.23723
Harbor,2023,7,2,3,43,30.282074
Harbor,2023,8,3,2,38,29.25836
Harbor,2023,8,4,3,37,31.218166
Harbor,2023,8,5,2,46,29.890018
Harbor,2023,8,3,0,19,14.312865
Harbor,2023,8,5,3,26,31.21963
Harbor,2023,8,4,1,28,19.354578
Harbor,2023,8,4,0,16,14.152038
Harbor,2023,8,2,0,11,16.649546
Harbor,2023,8,2,1,24,20.148027
Harbor,2023,8,4,2,44,29.888556
Harbor,2023,8,2,3,23,30.942165
Harbor,2023,8,7,3,18,32.866047
Harbor,2023,8,3,1,25,19.313286
Harbor,2023,8,5,0,17,14.201405
Harbor,2023,8,6,2,38,31.557558
Harbor,2023,8,6,3,34,32.997948
Harbor,2023,8,1,1,15,17.595112
Harbor,2023,8,7,0,20,16.418503
Harbor,2023,8,7,2,28,29.77163
Harbor,2023,8,5,1,15,19.356041
Harbor,2023,8,3,3,41,30.435375
Harbor,2023,8,1,3,34,31.46401
Harbor,2023,8,1,0,9,19.641134
Harbor,2023,8,2,2,28,29.625156
Harbor,2023,8,6,0,14,14.267128
Harbor,2023,8,7,1,11,17.801847
Harbor,2023,8,1,2,21,28.512348
Harbor,2023,8,6,1,20,18.96288
Harbor,2023,9,5,0,11,14.109173
Harbor,2023,9,4,1,15,19.334784
Harbor,2023,9,1,1,24,16.439434
Harbor,2023,9,7,2,30,29.50399
Harbor,2023,9,4,0,11,14.059806
Harbor,2023,9,3,0,17,13.905263
Harbor,2023,9,7,0,16,15.6876955
Harbor,2023,9,5,3,23,31.403307
Harbor,2023,9,2,0,14,15.421437
Harbor,2023,9,5,1,15,19.336246
Harbor,2023,9,1,0,15,18.413021
Harbor,2023,9,7,3,55,32.66492
Harbor,2023,9,5,2,27,30.007183
Harbor,2023,9,1,2,15,27.51384
Harbor,2023,9,3,1,15,18.97812
Harbor,2023,9,2,2,36,28.626648
Harbor,2023,9,1,3,26,30.392021
Harbor,2023,9,4,2,35,30.00572
Harbor,2023,9,3,2,31,28.77926
Harbor,2023,9,3,3,30,30.022789
Harbor,2023,9,4,3,29,31.401844
Harbor,2023,9,7,1,16,17.143476
Harbor,2023,9,6,3,48,33.324875
Harbor,2023,9,6,1,26,19.01184
Harbor,2023,9,6,2,49,31.81797
Harbor,2023,9,6,0,21,14.243653
Harbor,2023,9,2,3,37,29.870176
Harbor,2023,9,2,1,18,18.99235
Harbor,2023,10,5,3,25,30.886827
Harbor,2023,10,4,0,11,13.42837
Harbor,2023,10,6,3,32,37.883934
Harbor,2023,10,7,3,25,38.44161
Harbor,2023,10,2,0,13,15.2051115
Harbor,2023,10,4,3,31,30.575428
Harbor,2023,10,1,2,26,28.447964
Harbor,2023,10,7,1,7,20.025967
Harbor,2023,10,3,3,38,29.375528
Harbor,2023,10,6,1,17,21.278133
Harbor,2023,10,3,0,12,13.45298
Harbor,2023,10,1,0,21,20.149858
Harbor,2023,10,5,1,11,18.928064
Harbor,2023,10,3,1,26,18.439157
Harbor,2023,10,2,1,27,18.68934
Harbor,2023,10,6,0,15,16.419378
Harbor,2023,10,2,3,32,29.45887
Harbor,2023,10,1,3,49,31.653128
Harbor,2023,10,4,2,27,29.232584
Harbor,2023,10,1,1,22,17.428576
Harbor,2023,10,6,2,28,35.23541
Harbor,2023,10,3,2,36,28.18528
Harbor,2023,10,7,0,22,18.479622
Harbor,2023,10,5,2,24,29.543983
Harbor,2023,10,2,2,36,28.268621
Harbor,2023,10,5,0,12,13.787675
Harbor,2023,10,4,1,15,18.616665
Harbor,2023,10,7,2,28,33.75878
Harbor,2023,11,2,3,25,30.34023
Harbor,2023,11,2,1,25,19.549421
Harbor,2023,11,5,2,26,29.57729
Harbor,2023,11,7,0,17,14.648737
Harbor,2023,11,6,2,26,30.23507
Harbor,2023,11,4,1,19,19.27459
Harbor,2023,11,5,3,31,30.625444
Harbor,2023,11,3,3,22,30.412039
Harbor,2023,11,7,3,33,29.486338
Harbor,2023,11,5,0,14,13.426722
Harbor,2023,11,2,2,26,29.444672
Harbor,2023,11,1,2,22,28.062918
Harbor,2023,11,6,0,11,13.473623
Harbor,2023,11,4,0,14,13.886495
Harbor,2023,11,7,1,16,16.383862
Harbor,2023,11,7,2,21,27.457733
Harbor,2023,11,6,3,31,31.394005
Harbor,2023,11,1,3,28,29.808765
Harbor,2023,11,5,1,16,18.687975
Harbor,2023,11,3,1,16,19.496962
Harbor,2023,11,3,0,8,14.310984
Harbor,2023,11,6,1,17,18.24181
Harbor,2023,11,3,2,29,29.51648
Harbor,2023,11,1,0,14,18.505444
Harbor,2023,11,2,0,9,15.865393
Harbor,2023,11,4,3,31,31.212059
Harbor,2023,11,4,2,45,30.163904
Harbor,2023,11,1,1,15,16.570116
Harbor,2023,12,2,0,24,13.555935
Harbor,2023,12,4,1,20,20.40034
Harbor,2023,12,5,1,17,20.424942
Harbor,2023,12,6,1,20,20.042177
Harbor,2023,12,4,3,26,34.544594
Harbor,2023,12,6,2,46,35.491467
Harbor,2023,12,5,2,25,34.156303
Harbor,2023,12,1,0,28,15.435008
Harbor,2023,12,2,2,31,27.988028
Harbor,2023,12,7,2,41,30.510954
Harbor,2023,12,5,0,19,15.163693
Harbor,2023,12,1,1,18,15.189686
Harbor,2023,12,6,0,27,15.273988
Harbor,2023,12,3,1,20,18.912947
Harbor,2023,12,2,3,32,28.332968
Harbor,2023,12,3,2,17,29.01984
Harbor,2023,12,3,3,26,29.44799
Harbor,2023,12,6,3,59,36.015152
Harbor,2023,12,7,3,45,31.8886
Harbor,2023,12,2,1,16,18.423838
Harbor,2023,12,7,1,12,17.304909
Harbor,2023,12,4,0,10,15.01225
Harbor,2023,12,5,3,30,34.5692
Harbor,2023,12,3,0,12,13.726972
Harbor,2023,12,7,0,29,15.569782
Harbor,2023,12,1,2,35,26.018585
Harbor,2023,12,1,3,49,27.198124
Harbor,2023,12,4,2,28,34.1317
Hollenbeck,2023,1,6,3,28,34.404175
Hollenbeck,2023,1,1,2,38,28.021078
Hollenbeck,2023,1,2,2,35,27.49953
Hollenbeck,2023,1,6,2,31,33.42712
Hollenbeck,2023,1,7,3,34,31.8033
Hollenbeck,2023,1,2,3,21,28.691875
Hollenbeck,2023,1,5,3,13,28.39257
Hollenbeck,2023,1,2,1,12,16.615614
Hollenbeck,2023,1,6,1,13,19.20396
Hollenbeck,2023,1,5,1,3,15.824443
Hollenbeck,2023,1,5,2,29,26.87159
Hollenbeck,2023,1,4,1,16,17.87387
Hollenbeck,2023,1,7,0,12,16.971289
Hollenbeck,2023,1,3,3,30,26.973736
Hollenbeck,2023,1,7,2,24,28.64017
Hollenbeck,2023,1,3,0,10,10.176767
Hollenbeck,2023,1,6,0,10,15.206276
Hollenbeck,2023,1,3,1,22,14.661692
Hollenbeck,2023,1,4,0,8,13.351464
Hollenbeck,2023,1,4,2,27,28.921019
Hollenbeck,2023,1,5,0,9,11.284668
Hollenbeck,2023,1,3,2,29,25.047268
Hollenbeck,2023,1,7,1,9,17.371403
Hollenbeck,2023,1,2,0,10,12.830535
Hollenbeck,2023,1,4,3,29,28.901722
Hollenbeck,2023,1,1,0,29,16.520395
Hollenbeck,2023,1,1,3,28,30.747564
Hollenbeck,2023,1,1,1,31,14.942547
Hollenbeck,2023,2,3,1,14,15.54768
Hollenbeck,2023,2,7,3,20,30.022959
Hollenbeck,2023,2,2,0,9,11.837273
Hollenbeck,2023,2,6,1,16,15.50423
Hollenbeck,2023,2,5,2,31,25.717663
Hollenbeck,2023,2,3,3,20,27.060925
Hollenbeck,2023,2,1,3,27,28.632456
Hollenbeck,2023,2,3,2,17,25.901981
Hollenbeck,2023,2,7,2,30,26.804256
Hollenbeck,2023,2,2,2,24,26.02501
Hollenbeck,2023,2,4,1,16,15.242912
Hollenbeck,2023,2,1,0,22,15.635706
Hollenbeck,2023,2,6,2,25,28.073973
Hollenbeck,2023,2,4,0,6,10.672
Hollenbeck,2023,2,7,0,8,15.720646
Hollenbeck,2023,2,5,0,7,10.405303
Hollenbeck,2023,2,5,3,36,26.876606
Hollenbeck,2023,2,4,3,25,27.125937
Hollenbeck,2023,2,6,3,33,29.444569
Hollenbeck,2023,2,7,1,16,16.169268
Hollenbeck,2023,2,4,2,22,25.966993
Hollenbeck,2023,2,1,1,12,14.106361
Hollenbeck,2023,2,5,1,14,14.993582
Hollenbeck,2023,2,3,0,9,11.014257
Hollenbeck,2023,2,1,2,20,25.957373
Hollenbeck,2023,2,6,0,15,11.458044
Hollenbeck,2023,2,2,1,15,15.670856
Hollenbeck,2023,2,2,3,19,27.269363
Hollenbeck,2023,3,5,0,13,11.051942
Hollenbeck,2023,3,4,0,14,12.539309
Hollenbeck,2023,3,2,1,18,17.147429
Hollenbeck,2023,3,7,0,11,14.243897
Hollenbeck,2023,3,7,1,17,14.692518
Hollenbeck,2023,3,7,2,27,24.861937
Hollenbeck,2023,3,1,2,31,26.660912
Hollenbeck,2023,3,4,2,32,28.275318
Hollenbeck,2023,3,3,0,6,12.896638
Hollenbeck,2023,3,4,1,22,17.16463
Hollenbeck,2023,3,6,0,17,10.895958
Hollenbeck,2023,3,2,0,7,13.221945
Hollenbeck,2023,3,5,3,29,28.02433
Hollenbeck,2023,3,7,3,17,27.485445
Hollenbeck,2023,3,5,2,22,26.74005
Hollenbeck,2023,3,1,3,21,28.791681
Hollenbeck,2023,3,6,3,43,28.809477
Hollenbeck,2023,3,3,1,29,17.52196
Hollenbeck,2023,3,1,0,21,15.934908
Hollenbeck,2023,3,3,2,23,28.394493
Hollenbeck,2023,3,1,1,10,14.405563
Hollenbeck,2023,3,3,3,22,29.449621
Hollenbeck,2023,3,5,1,21,15.629364
Hollenbeck,2023,3,4,3,40,29.330446
Hollenbeck,2023,3,6,1,19,15.036458
Hollenbeck,2023,3,2,2,30,28.019814
Hollenbeck,2023,3,6,2,50,27.65108
Hollenbeck,2023,3,2,3,24,29.047434
Hollenbeck,2023,4,5,2,24,27.760117
Hollenbeck,2023,4,6,0,10,12.690071
Hollenbeck,2023,4,5,0,10,12.316367
Hollenbeck,2023,4,2,2,25,25.93492
Hollenbeck,2023,4,6,1,19,16.830572
Hollenbeck,2023,4,3,1,23,15.205527
Hollenbeck,2023,4,1,3,45,27.21726
Hollenbeck,2023,4,2,1,18,15.438526
Hollenbeck,2023,4,4,2,22,26.188608
Hollenbeck,2023,4,6,3,24,30.63846
Hollenbeck,2023,4,2,3,25,26.763136
Hollenbeck,2023,4,3,0,10,10.717577
Hollenbeck,2023,4,1,1,14,13.406539
Hollenbeck,2023,4,3,2,29,25.70207
Hollenbeck,2023,4,7,3,35,29.589937
Hollenbeck,2023,4,5,1,25,16.893791
Hollenbeck,2023,4,6,2,35,29.679464
Hollenbeck,2023,4,5,3,23,28.61584
Hollenbeck,2023,4,3,3,29,26.557795
Hollenbeck,2023,4,4,0,14,10.696957
Hollenbeck,2023,4,7,2,31,27.165834
Hollenbeck,2023,4,4,1,23,15.322281
Hollenbeck,2023,4,1,2,29,25.285894
Hollenbeck,2023,4,7,0,21,15.987907
Hollenbeck,2023,4,7,1,24,16.43653
Hollenbeck,2023,4,4,3,24,27.044333
Hollenbeck,2023,4,2,0,10,11.650415
Hollenbeck,2023,4,1,0,14,15.073258
Hollenbeck,2023,5,7,2,28,28.62071
Hollenbeck,2023,5,6,1,15,16.750122
Hollenbeck,2023,5,7,3,15,32.58724
Hollenbeck,2023,5,6,3,37,30.615688
Hollenbeck,2023,5,2,0,13,13.997956
Hollenbeck,2023,5,1,2,22,28.118643
Hollenbeck,2023,5,2,2,34,28.09201
Hollenbeck,2023,5,5,3,17,27.981236
Hollenbeck,2023,5,6,2,33,29.38509
Hollenbeck,2023,5,2,3,26,29.82063
Hollenbeck,2023,5,4,1,21,16.214516
Hollenbeck,2023,5,6,0,17,13.195468
Hollenbeck,2023,5,3,0,17,12.251346
Hollenbeck,2023,5,4,0,9,12.175037
Hollenbeck,2023,5,3,2,35,26.86592
Hollenbeck,2023,5,1,1,13,16.530249
Hollenbeck,2023,5,2,1,22,18.0654
Hollenbeck,2023,5,4,3,26,28.021793
Hollenbeck,2023,5,5,1,22,16.173962
Hollenbeck,2023,5,7,0,12,16.384586
Hollenbeck,2023,5,3,1,23,16.423986
Hollenbeck,2023,5,5,0,13,12.182387
Hollenbeck,2023,5,3,3,21,27.993248
Hollenbeck,2023,5,1,0,21,17.817331
Hollenbeck,2023,5,1,3,30,31.592436
Hollenbeck,2023,5,4,2,28,26.894463
Hollenbeck,2023,5,7,1,13,17.623253
Hollenbeck,2023,5,5,2,30,26.853909
Hollenbeck,2023,6,3,1,15,17.818497
Hollenbeck,2023,6,2,2,23,28.189148
Hollenbeck,2023,6,6,0,18,12.386621
Hollenbeck,2023,6,6,2,48,28.00766
Hollenbeck,2023,6,2,3,33,29.887741
Hollenbeck,2023,6,5,0,21,12.722836
Hollenbeck,2023,6,4,3,21,30.199448
Hollenbeck,2023,6,7,3,33,29.614122
Hollenbeck,2023,6,6,1,23,15.98186
Hollenbeck,2023,6,5,3,44,29.37331
Hollenbeck,2023,6,3,0,6,12.830318
Hollenbeck,2023,6,1,3,12,30.0158
Hollenbeck,2023,6,4,2,23,28.320751
Hollenbeck,2023,6,2,0,15,13.764941
Hollenbeck,2023,6,1,0,23,17.355158
Hollenbeck,2023,6,4,1,22,17.742191
Hollenbeck,2023,6,5,1,15,16.916054
Hollenbeck,2023,6,6,3,32,29.989628
Hollenbeck,2023,6,2,1,17,18.028732
Hollenbeck,2023,6,3,2,24,28.159042
Hollenbeck,2023,6,3,3,19,29.885143
Hollenbeck,2023,6,5,2,32,27.494614
Hollenbeck,2023,6,4,0,9,12.75401
Hollenbeck,2023,6,7,2,25,25.047962
Hollenbeck,2023,6,7,1,15,14.935926
Hollenbeck,2023,6,1,2,16,25.942377
Hollenbeck,2023,6,1,1,9,14.496433
Hollenbeck,2023,6,7,0,11,15.268906
Hollenbeck,2023,7,1,3,39,29.440462
Hollenbeck,2023,7,7,2,29,28.331902
Hollenbeck,2023,7,6,1,21,19.283878
Hollenbeck,2023,7,5,0,11,12.402463
Hollenbeck,2023,7,5,1,21,16.903284
Hollenbeck,2023,7,2,2,35,26.86635
Hollenbeck,2023,7,7,3,38,32.16495
Hollenbeck,2023,7,4,1,20,16.901821
Hollenbeck,2023,7,4,0,26,12.353096
Hollenbeck,2023,7,6,0,18,14.894487
Hollenbeck,2023,7,2,1,26,16.893833
Hollenbeck,2023,7,4,3,43,29.171179
Hollenbeck,2023,7,5,3,29,29.172642
Hollenbeck,2023,7,3,0,16,12.336992
Hollenbeck,2023,7,6,2,23,32.381157
Hollenbeck,2023,7,6,3,38,34.36312
Hollenbeck,2023,7,7,0,23,17.468702
Hollenbeck,2023,7,3,3,18,28.562346
Hollenbeck,2023,7,7,1,22,17.868835
Hollenbeck,2023,7,2,3,33,28.564943
Hollenbeck,2023,7,1,1,15,14.96537
Hollenbeck,2023,7,4,2,15,27.292482
Hollenbeck,2023,7,5,2,24,27.293945
Hollenbeck,2023,7,3,2,18,26.836245
Hollenbeck,2023,7,2,0,14,13.271615
Hollenbeck,2023,7,3,1,16,16.683598
Hollenbeck,2023,7,1,0,21,17.09099
Hollenbeck,2023,7,1,2,18,26.100145
Hollenbeck,2023,8,2,3,36,29.046135
Hollenbeck,2023,8,7,3,32,29.684853
Hollenbeck,2023,8,5,2,30,26.821249
Hollenbeck,2023,8,2,2,25,27.121841
Hollenbeck,2023,8,3,3,30,28.487589
Hollenbeck,2023,8,7,0,12,15.172133
Hollenbeck,2023,8,6,0,11,12.091459
Hollenbeck,2023,8,4,3,34,28.756681
Hollenbeck,2023,8,5,1,28,16.62068
Hollenbeck,2023,8,4,1,20,16.619217
Hollenbeck,2023,8,1,3,26,29.637997
Hollenbeck,2023,8,3,0,20,12.3941345
Hollenbeck,2023,8,6,2,35,28.46411
Hollenbeck,2023,8,6,1,12,16.13339
Hollenbeck,2023,8,2,1,21,17.502964
Hollenbeck,2023,8,7,1,15,15.572262
Hollenbeck,2023,8,6,3,39,30.504276
Hollenbeck,2023,8,4,2,43,26.819786
Hollenbeck,2023,8,5,0,14,12.119863
Hollenbeck,2023,8,3,2,21,26.703289
Hollenbeck,2023,8,7,2,27,25.7936
Hollenbeck,2023,8,1,0,17,17.70012
Hollenbeck,2023,8,1,1,12,15.574503
Hollenbeck,2023,8,2,0,18,13.880748
Hollenbeck,2023,8,3,1,26,16.740734
Hollenbeck,2023,8,5,3,39,28.758144
Hollenbeck,2023,8,4,0,11,12.070496
Hollenbeck,2023,8,1,2,21,26.07198
Hollenbeck,2023,9,2,0,14,12.393744
Hollenbeck,2023,9,6,0,18,12.10523
Hollenbeck,2023,9,5,1,17,16.63813
Hollenbeck,2023,9,1,2,21,24.833797
Hollenbeck,2023,9,1,0,19,16.213114
Hollenbeck,2023,9,1,3,31,28.310423
Hollenbeck,2023,9,6,3,54,30.905836
Hollenbeck,2023,9,5,0,12,12.064877
Hollenbeck,2023,9,4,3,34,28.947472
Hollenbeck,2023,9,3,2,31,25.984516
Hollenbeck,2023,9,6,1,26,16.219597
Hollenbeck,2023,9,2,2,22,25.88366
Hollenbeck,2023,9,7,2,33,25.758497
Hollenbeck,2023,9,3,1,23,16.146675
Hollenbeck,2023,9,5,3,30,28.948935
Hollenbeck,2023,9,7,0,23,14.62056
Hollenbeck,2023,9,2,1,17,16.088392
Hollenbeck,2023,9,2,3,44,27.718561
Hollenbeck,2023,9,7,1,21,15.093126
Hollenbeck,2023,9,3,3,24,27.819418
Hollenbeck,2023,9,5,2,32,26.961437
Hollenbeck,2023,9,7,3,42,29.700352
Hollenbeck,2023,9,1,1,12,14.159936
Hollenbeck,2023,9,4,2,24,26.959974
Hollenbeck,2023,9,4,1,21,16.636667
Hollenbeck,2023,9,6,2,35,28.815067
Hollenbeck,2023,9,3,0,13,11.727639
Hollenbeck,2023,9,4,0,13,12.01551
Hollenbeck,2023,10,6,0,10,14.113866
Hollenbeck,2023,10,4,2,29,26.186838
Hollenbeck,2023,10,3,1,22,15.685747
Hollenbeck,2023,10,1,0,20,18.027988
Hollenbeck,2023,10,7,1,20,17.717972
Hollenbeck,2023,10,1,3,45,29.649567
Hollenbeck,2023,10,1,2,39,25.845959
Hollenbeck,2023,10,4,3,28,28.121056
Hollenbeck,2023,10,7,0,10,17.2454
Hollenbeck,2023,10,5,1,15,16.229948
Hollenbeck,2023,10,4,1,22,15.918547
Hollenbeck,2023,10,2,1,25,15.8634205
Hollenbeck,2023,10,3,0,15,11.353394
Hollenbeck,2023,10,2,0,14,12.255456
Hollenbeck,2023,10,3,3,35,27.250195
Hollenbeck,2023,10,7,2,23,29.755651
Hollenbeck,2023,10,7,3,34,34.503292
Hollenbeck,2023,10,2,2,41,25.60367
Hollenbeck,2023,10,5,3,23,28.432455
Hollenbeck,2023,10,6,2,26,31.974857
Hollenbeck,2023,10,6,1,21,18.22824
Hollenbeck,2023,10,3,2,38,25.468573
Hollenbeck,2023,10,5,0,9,11.743379
Hollenbeck,2023,10,6,3,31,34.49115
Hollenbeck,2023,10,4,0,22,11.384074
Hollenbeck,2023,10,2,3,34,27.385292
Hollenbeck,2023,10,1,1,25,15.227117
Hollenbeck,2023,10,5,2,29,26.498238
Hollenbeck,2023,11,2,0,13,12.857706
Hollenbeck,2023,11,7,2,23,24.145422
Hollenbeck,2023,11,4,2,36,26.710056
Hollenbeck,2023,11,5,1,16,15.858528
Hollenbeck,2023,11,4,0,19,11.710869
Hollenbeck,2023,11,5,2,33,26.123442
Hollenbeck,2023,11,4,3,17,28.100853
Hollenbeck,2023,11,1,1,17,14.436675
Hollenbeck,2023,11,5,3,28,27.514238
Hollenbeck,2023,11,3,2,19,26.464968
Hollenbeck,2023,11,1,3,35,27.34772
Hollenbeck,2023,11,7,3,20,26.861807
Hollenbeck,2023,11,7,1,14,14.569517
Hollenbeck,2023,11,3,3,23,27.703169
Hollenbeck,2023,11,4,1,23,16.445145
Hollenbeck,2023,11,2,2,17,26.444916
Hollenbeck,2023,11,6,0,13,11.481095
Hollenbeck,2023,11,5,0,18,11.251096
Hollenbeck,2023,11,2,3,26,27.683117
Hollenbeck,2023,11,1,2,18,25.25216
Hollenbeck,2023,11,7,0,14,13.817608
Hollenbeck,2023,11,3,1,17,16.685522
Hollenbeck,2023,11,2,1,22,16.66547
Hollenbeck,2023,11,1,0,22,16.45159
Hollenbeck,2023,11,6,1,14,15.595458
Hollenbeck,2023,11,6,2,26,27.528275
Hollenbeck,2023,11,3,0,13,12.153365
Hollenbeck,2023,11,6,3,36,29.177938
Hollenbeck,2023,12,6,2,41,32.3687
Hollenbeck,2023,12,5,2,31,29.95552
Hollenbeck,2023,12,6,0,12,13.72671
Hollenbeck,2023,12,7,3,42,29.182798
Hollenbeck,2023,12,4,2,23,30.131931
Hollenbeck,2023,12,2,1,10,15.562293
Hollenbeck,2023,12,6,3,35,33.383095
Hollenbeck,2023,12,4,1,19,17.803244
Hollenbeck,2023,12,6,1,20,17.841078
Hollenbeck,2023,12,1,3,32,26.133402
Hollenbeck,2023,12,1,2,25,24.422106
Hollenbeck,2023,12,5,1,15,17.626833
Hollenbeck,2023,12,4,3,23,30.887472
Hollenbeck,2023,12,3,3,30,27.534964
Hollenbeck,2023,12,3,1,17,16.123913
Hollenbeck,2023,12,5,3,27,30.711061
Hollenbeck,2023,12,1,0,21,13.556315
Hollenbeck,2023,12,7,0,33,15.33656
Hollenbeck,2023,12,4,0,13,13.068976
Hollenbeck,2023,12,2,0,21,10.829798
Hollenbeck,2023,12,3,2,23,26.764172
Hollenbeck,2023,12,2,2,22,26.20255
Hollenbeck,2023,12,7,1,20,16.08847
Hollenbeck,2023,12,7,2,37,26.935314
Hollenbeck,2023,12,1,1,16,13.078654
Hollenbeck,2023,12,5,0,6,13.019405
Hollenbeck,2023,12,2,3,32,26.890133
Hollenbeck,2023,12,3,0,9,11.59176
Hollywood,2023,1,7,1,21,25.394358
Hollywood,2023,1,6,3,34,43.517284
Hollywood,2023,1,1,0,55,27.17603
Hollywood,2023,1,6,2,32,43.007168
Hollywood,2023,1,3,1,27,22.023685
Hollywood,2023,1,7,3,38,43.12881
Hollywood,2023,1,5,2,25,37.5824
Hollywood,2023,1,6,0,16,22.412834
Hollywood,2023,1,3,3,45,34.694138
Hollywood,2023,1,4,0,16,19.278025
Hollywood,2023,1,1,1,26,22.319466
Hollywood,2023,1,7,2,44,40.597347
Hollywood,2023,1,2,2,36,37.2371
Hollywood,2023,1,2,1,35,23.854248
Hollywood,2023,1,5,3,31,37.71776
Hollywood,2023,1,4,2,46,38.002403
Hollywood,2023,1,3,0,14,16.543081
Hollywood,2023,1,4,3,36,36.902023
Hollywood,2023,1,2,3,45,36.760796
Hollywood,2023,1,6,1,22,26.49811
Hollywood,2023,1,2,0,10,19.381937
Hollywood,2023,1,7,0,40,29.620266
Hollywood,2023,1,1,3,45,38.885403
Hollywood,2023,1,5,0,16,19.355566
Hollywood,2023,1,4,1,21,24.796116
Hollywood,2023,1,1,2,38,36.775776
Hollywood,2023,1,5,1,31,24.318491
Hollywood,2023,1,3,2,39,35.1396
Hollywood,2023,2,5,3,35,36.102966
Hollywood,2023,2,1,3,47,38.23977
Hollywood,2023,2,4,2,32,36.71041
Hollywood,2023,2,7,0,33,28.849667
Hollywood,2023,2,6,1,16,24.508162
Hollywood,2023,2,6,2,36,41.17167
Hollywood,2023,2,5,2,31,36.677357
Hollywood,2023,2,4,0,16,17.918472
Hollywood,2023,2,2,2,38,36.796185
Hollywood,2023,2,7,1,16,24.623758
Hollywood,2023,2,5,0,24,18.382961
Hollywood,2023,2,2,3,27,36.12915
Hollywood,2023,2,3,1,24,23.067608
Hollywood,2023,2,2,0,27,19.318003
Hollywood,2023,2,1,1,23,22.356382
Hollywood,2023,2,7,3,37,42.846233
Hollywood,2023,2,3,0,16,17.541212
Hollywood,2023,2,1,2,32,36.315147
Hollywood,2023,2,3,2,25,35.97882
Hollywood,2023,2,1,0,33,27.212946
Hollywood,2023,2,3,3,30,35.34262
Hollywood,2023,2,2,1,27,23.836105
Hollywood,2023,2,5,1,22,23.391678
Hollywood,2023,2,6,3,64,41.578087
Hollywood,2023,2,7,2,41,40.36866
Hollywood,2023,2,4,1,31,23.482355
Hollywood,2023,2,6,0,16,20.377094
Hollywood,2023,2,4,3,30,35.93847
Hollywood,2023,3,1,1,25,22.10863
Hollywood,2023,3,5,0,21,18.917723
Hollywood,2023,3,5,3,48,38.020195
Hollywood,2023,3,1,0,30,26.965193
Hollywood,2023,3,3,3,33,39.15872
Hollywood,2023,3,5,2,35,38.33478
Hollywood,2023,3,7,1,13,22.996365
Hollywood,2023,3,2,3,34,38.7714
Hollywood,2023,3,2,1,17,25.412258
Hollywood,2023,3,1,2,38,36.871136
Hollywood,2023,3,3,2,36,39.764263
Hollywood,2023,3,2,0,19,20.802252
Hollywood,2023,3,7,3,48,39.971554
Hollywood,2023,3,3,1,15,25.56084
Hollywood,2023,3,6,3,57,41.398014
Hollywood,2023,3,1,3,37,38.073895
Hollywood,2023,3,3,0,21,19.942543
Hollywood,2023,3,4,3,39,39.703617
Hollywood,2023,3,6,2,40,41.06932
Hollywood,2023,3,4,2,43,40.444904
Hollywood,2023,3,4,1,14,25.92465
Hollywood,2023,3,5,1,22,23.915586
Hollywood,2023,3,7,2,42,38.112514
Hollywood,2023,3,7,0,22,27.22227
Hollywood,2023,3,4,0,28,20.30635
Hollywood,2023,3,6,0,27,20.298742
Hollywood,2023,3,2,2,38,39.431477
Hollywood,2023,3,6,1,19,24.524126
Hollywood,2023,4,3,1,13,23.255938
Hollywood,2023,4,2,2,31,37.516068
Hollywood,2023,4,7,2,46,40.25441
Hollywood,2023,4,6,2,26,42.93571
Hollywood,2023,4,5,1,26,25.414509
Hollywood,2023,4,1,1,34,21.377594
Hollywood,2023,4,6,0,15,21.70327
Hollywood,2023,4,5,0,20,20.416645
Hollywood,2023,4,3,2,25,36.913902
Hollywood,2023,4,4,2,33,37.809807
Hollywood,2023,4,4,0,15,18.21671
Hollywood,2023,4,7,3,47,42.11345
Hollywood,2023,4,2,0,22,19.432295
Hollywood,2023,4,2,3,32,36.85599
Hollywood,2023,4,7,1,26,24.279837
Hollywood,2023,4,5,2,58,39.3893
Hollywood,2023,4,5,3,44,38.845566
Hollywood,2023,4,1,0,44,26.234158
Hollywood,2023,4,3,0,10,17.63764
Hollywood,2023,4,1,2,37,35.665604
Hollywood,2023,4,7,0,39,28.505743
Hollywood,2023,4,2,1,31,24.042301
Hollywood,2023,4,6,3,37,43.264404
Hollywood,2023,4,6,1,30,25.928654
Hollywood,2023,4,3,3,33,36.308357
Hollywood,2023,4,1,3,40,36.868362
Hollywood,2023,4,4,3,24,37.06852
Hollywood,2023,4,4,1,16,23.835009
Hollywood,2023,5,3,0,12,19.588968
Hollywood,2023,5,2,1,37,27.177542
Hollywood,2023,5,5,3,37,37.734844
Hollywood,2023,5,5,2,35,38.08193
Hollywood,2023,5,5,0,11,20.484049
Hollywood,2023,5,1,3,23,42.745426
Hollywood,2023,5,6,2,38,42.125942
Hollywood,2023,5,7,1,30,26.655987
Hollywood,2023,5,7,0,40,30.074375
Hollywood,2023,5,7,3,29,46.01719
Hollywood,2023,5,5,1,26,24.732714
Hollywood,2023,5,7,2,41,41.971962
Hollywood,2023,5,4,2,32,38.080467
Hollywood,2023,5,1,0,23,30.389341
Hollywood,2023,5,6,0,19,22.240633
Hollywood,2023,5,3,3,35,37.22225
Hollywood,2023,5,6,3,51,42.806797
Hollywood,2023,5,1,1,23,26.125853
Hollywood,2023,5,3,2,41,37.42996
Hollywood,2023,5,3,1,34,24.591234
Hollywood,2023,5,4,3,38,37.646297
Hollywood,2023,5,2,2,36,39.203384
Hollywood,2023,5,2,3,39,39.569946
Hollywood,2023,5,6,1,23,25.716822
Hollywood,2023,5,2,0,16,22.778818
Hollywood,2023,5,4,1,38,24.731253
Hollywood,2023,5,1,2,39,38.905277
Hollywood,2023,5,4,0,21,19.86215
Hollywood,2023,6,2,3,43,40.007507
Hollywood,2023,6,6,0,23,21.487083
Hollywood,2023,6,3,2,38,38.962395
Hollywood,2023,6,3,3,28,39.748085
Hollywood,2023,6,6,2,42,40.202618
Hollywood,2023,6,5,3,41,39.853424
Hollywood,2023,6,6,3,35,41.838955
Hollywood,2023,6,7,0,36,28.676395
Hollywood,2023,6,1,3,43,40.79582
Hollywood,2023,6,3,1,21,26.161547
Hollywood,2023,6,6,1,23,24.666264
Hollywood,2023,6,3,0,12,20.68134
Hollywood,2023,6,1,0,34,29.839478
Hollywood,2023,6,1,2,50,36.634502
Hollywood,2023,6,2,0,30,22.795712
Hollywood,2023,6,4,0,15,20.954521
Hollywood,2023,6,4,3,42,40.59903
Hollywood,2023,6,2,1,20,27.053185
Hollywood,2023,6,4,1,22,26.434729
Hollywood,2023,6,1,1,16,23.824165
Hollywood,2023,6,5,2,46,39.1416
Hollywood,2023,6,5,1,31,25.689133
Hollywood,2023,6,7,2,40,37.949398
Hollywood,2023,6,7,3,37,42.311836
Hollywood,2023,6,5,0,30,21.57642
Hollywood,2023,6,4,2,25,39.887207
Hollywood,2023,6,2,2,36,39.27635
Hollywood,2023,6,7,1,31,23.506184
Hollywood,2023,7,7,0,44,32.968563
Hollywood,2023,7,3,1,24,25.973577
Hollywood,2023,7,5,3,34,41.114326
Hollywood,2023,7,6,3,36,48.666744
Hollywood,2023,7,1,3,33,40.85511
Hollywood,2023,7,6,2,42,45.671383
Hollywood,2023,7,5,1,19,26.450338
Hollywood,2023,7,2,3,34,39.472523
Hollywood,2023,7,1,2,45,37.129868
Hollywood,2023,7,6,0,18,25.945337
Hollywood,2023,7,2,1,18,26.532372
Hollywood,2023,7,3,0,16,21.461687
Hollywood,2023,7,3,2,25,37.964237
Hollywood,2023,7,4,0,20,21.734869
Hollywood,2023,7,7,1,24,28.204714
Hollywood,2023,7,4,2,37,39.854576
Hollywood,2023,7,7,2,41,42.70749
Hollywood,2023,7,2,0,26,22.832218
Hollywood,2023,7,1,0,43,30.105143
Hollywood,2023,7,5,2,33,39.856037
Hollywood,2023,7,3,3,36,39.296394
Hollywood,2023,7,5,0,16,22.356768
Hollywood,2023,7,6,1,20,29.591915
Hollywood,2023,7,4,1,12,26.448875
Hollywood,2023,7,2,2,47,38.167877
Hollywood,2023,7,4,3,33,41.112865
Hollywood,2023,7,1,1,31,24.90719
Hollywood,2023,7,7,3,42,47.69585
Hollywood,2023,8,3,1,38,26.488401
Hollywood,2023,8,5,0,24,22.700216
Hollywood,2023,8,6,0,24,23.85484
Hollywood,2023,8,4,3,35,41.064518
Hollywood,2023,8,2,1,23,28.697937
Hollywood,2023,8,7,3,35,44.98256
Hollywood,2023,8,6,1,23,27.153965
Hollywood,2023,8,5,3,37,41.06598
Hollywood,2023,8,2,0,19,24.997784
Hollywood,2023,8,4,2,45,39.673027
Hollywood,2023,8,3,0,21,21.976511
Hollywood,2023,8,2,3,31,41.374523
Hollywood,2023,8,7,2,44,40.214226
Hollywood,2023,8,3,3,45,40.066257
Hollywood,2023,8,2,2,31,40.32043
Hollywood,2023,8,7,1,22,26.620684
Hollywood,2023,8,4,0,33,22.078318
Hollywood,2023,8,6,3,29,44.574703
Hollywood,2023,8,7,0,30,31.556688
Hollywood,2023,8,1,0,34,32.442856
Hollywood,2023,8,1,3,28,42.75711
Hollywood,2023,8,5,1,31,26.793787
Hollywood,2023,8,4,1,22,26.792324
Hollywood,2023,8,5,2,43,39.674488
Hollywood,2023,8,6,2,46,41.79937
Hollywood,2023,8,1,1,13,27.072756
Hollywood,2023,8,1,2,29,39.28243
Hollywood,2023,8,3,2,58,38.6296
Hollywood,2023,9,2,3,34,39.949535
Hollywood,2023,9,7,3,55,44.550117
Hollywood,2023,9,5,0,26,22.015676
Hollywood,2023,9,4,0,16,21.393778
Hollywood,2023,9,3,0,15,20.9766
Hollywood,2023,9,7,2,48,39.449524
Hollywood,2023,9,1,1,29,23.92746
Hollywood,2023,9,7,1,42,24.717436
Hollywood,2023,9,2,0,20,22.049253
Hollywood,2023,9,6,2,45,42.024155
Hollywood,2023,9,6,1,36,26.419481
Hollywood,2023,9,2,1,24,25.782759
Hollywood,2023,9,4,1,28,26.141134
Hollywood,2023,9,6,3,51,44.90163
Hollywood,2023,9,4,2,28,39.754562
Hollywood,2023,9,5,2,28,39.756023
Hollywood,2023,9,5,1,28,26.142597
Hollywood,2023,9,2,2,31,38.4367
Hollywood,2023,9,3,3,34,39.860504
Hollywood,2023,9,1,3,52,41.332123
Hollywood,2023,9,7,0,41,29.620089
Hollywood,2023,9,6,0,27,23.087004
Hollywood,2023,9,3,1,19,25.521841
Hollywood,2023,9,3,2,27,38.32171
Hollywood,2023,9,4,3,28,41.248196
Hollywood,2023,9,5,3,32,41.249657
Hollywood,2023,9,1,2,44,37.168575
Hollywood,2023,9,1,0,30,29.264212
Hollywood,2023,10,6,0,21,25.726233
Hollywood,2023,10,7,0,24,33.54739
Hollywood,2023,10,5,0,19,21.54448
Hollywood,2023,10,4,0,19,20.612644
Hollywood,2023,10,5,2,21,39.14312
Hollywood,2023,10,6,3,54,49.933617
Hollywood,2023,10,7,1,20,28.73531
Hollywood,2023,10,1,2,35,38.183125
Hollywood,2023,10,1,3,45,42.481052
Hollywood,2023,10,4,1,19,25.273317
Hollywood,2023,10,2,0,23,21.68323
Hollywood,2023,10,3,3,45,39.10105
Hollywood,2023,10,6,1,40,29.149275
Hollywood,2023,10,7,2,31,45.122726
Hollywood,2023,10,1,1,16,24.99702
Hollywood,2023,10,2,2,43,37.92897
Hollywood,2023,10,3,0,18,20.374622
Hollywood,2023,10,5,1,22,25.584717
Hollywood,2023,10,2,1,29,25.330051
Hollywood,2023,10,4,3,39,40.30959
Hollywood,2023,10,7,3,47,51.241497
Hollywood,2023,10,3,2,37,37.578022
Hollywood,2023,10,6,2,46,46.18811
Hollywood,2023,10,4,2,38,38.831722
Hollywood,2023,10,1,0,47,30.955765
Hollywood,2023,10,3,1,32,24.83318
Hollywood,2023,10,5,3,33,40.620987
Hollywood,2023,10,2,3,39,39.42604
Hollywood,2023,11,4,0,23,20.02499
Hollywood,2023,11,1,1,16,23.503954
Hollywood,2023,11,3,2,32,38.951084
Hollywood,2023,11,2,0,20,21.589937
Hollywood,2023,11,4,1,28,25.368502
Hollywood,2023,11,2,2,34,38.896782
Hollywood,2023,11,1,2,29,36.85573
Hollywood,2023,11,7,3,33,39.139843
Hollywood,2023,11,7,2,42,34.60342
Hollywood,2023,11,6,2,39,37.799835
Hollywood,2023,11,7,1,26,22.17539
Hollywood,2023,11,5,1,31,24.078045
Hollywood,2023,11,3,1,23,25.827972
Hollywood,2023,11,3,0,11,20.686577
Hollywood,2023,11,5,0,16,19.433908
Hollywood,2023,11,5,2,36,37.839886
Hollywood,2023,11,1,0,29,28.55451
Hollywood,2023,11,7,0,23,26.97916
Hollywood,2023,11,6,3,37,40.585842
Hollywood,2023,11,6,0,9,19.97835
Hollywood,2023,11,4,3,30,40.436146
Hollywood,2023,11,3,3,31,40.39841
Hollywood,2023,11,6,1,29,23.491173
Hollywood,2023,11,5,3,52,39.24205
Hollywood,2023,11,2,1,26,25.919596
Hollywood,2023,11,4,2,53,39.03398
Hollywood,2023,11,1,3,49,40.455105
Hollywood,2023,11,2,3,36,40.31815
Hollywood,2023,12,2,2,26,33.640446
Hollywood,2023,12,5,0,13,20.52516
Hollywood,2023,12,6,1,28,25.070988
Hollywood,2023,12,1,2,50,31.53688
Hollywood,2023,12,4,1,17,25.124886
Hollywood,2023,12,2,0,22,17.056843
Hollywood,2023,12,4,2,30,40.48557
Hollywood,2023,12,3,0,11,17.948698
Hollywood,2023,12,5,1,28,25.053125
Hollywood,2023,12,6,0,25,21.472134
Hollywood,2023,12,2,1,19,21.168196
Hollywood,2023,12,1,1,28,18.690048
Hollywood,2023,12,7,0,35,27.402412
Hollywood,2023,12,1,0,49,22.908558
Hollywood,2023,12,7,3,43,41.650238
Hollywood,2023,12,7,1,36,22.991125
Hollywood,2023,12,6,2,54,42.58616
Hollywood,2023,12,3,2,43,35.74759
Hollywood,2023,12,5,3,42,41.846237
Hollywood,2023,12,5,2,31,40.510174
Hollywood,2023,12,2,3,33,35.238262
Hollywood,2023,12,4,0,14,19.897545
Hollywood,2023,12,3,3,38,37.128815
Hollywood,2023,12,1,3,56,33.838173
Hollywood,2023,12,7,2,39,37.52845
Hollywood,2023,12,3,1,23,22.827421
Hollywood,2023,12,4,3,38,41.821632
Hollywood,2023,12,6,3,60,45.306065
Mission,2023,1,4,2,29,31.578415
Mission,2023,1,4,1,14,19.171656
Mission,2023,1,6,3,32,36.643936
Mission,2023,1,6,0,8,15.922671
Mission,2023,1,3,0,11,10.226167
Mission,2023,1,3,3,36,27.56262
Mission,2023,1,2,1,15,17.380054
Mission,2023,1,4,3,25,30.877161
Mission,2023,1,1,2,45,29.337162
Mission,2023,1,7,1,16,19.110785
Mission,2023,1,3,2,42,26.55779
Mission,2023,1,5,1,15,17.79352
Mission,2023,1,5,3,37,30.857246
Mission,2023,1,2,0,8,13.025916
Mission,2023,1,1,0,18,16.715776
Mission,2023,1,7,3,25,34.484272
Mission,2023,1,1,1,30,15.659417
Mission,2023,1,2,3,22,29.28076
Mission,2023,1,3,1,30,15.336911
Mission,2023,1,4,0,7,14.023427
Mission,2023,1,7,2,24,32.4631
Mission,2023,1,6,2,31,36.588505
Mission,2023,1,5,0,10,12.627926
Mission,2023,1,5,2,20,30.257904
Mission,2023,1,7,0,16,18.132423
Mission,2023,1,2,2,27,29.099272
Mission,2023,1,1,3,37,31.167765
Mission,2023,1,6,1,24,20.546179
Mission,2023,2,6,3,30,31.185959
Mission,2023,2,7,1,9,17.371458
Mission,2023,2,1,2,26,27.000359
Mission,2023,2,3,1,16,16.297018
Mission,2023,2,2,1,12,16.509413
Mission,2023,2,2,2,20,27.351652
Mission,2023,2,7,0,6,16.344591
Mission,2023,2,5,3,24,28.274845
Mission,2023,2,4,3,23,28.311998
Mission,2023,2,4,1,24,16.092327
Mission,2023,2,3,3,19,27.574852
Mission,2023,2,6,0,10,11.985537
Mission,2023,2,4,0,14,10.8955965
Mission,2023,2,2,3,29,27.78329
Mission,2023,2,5,1,11,15.997549
Mission,2023,2,1,0,20,15.905206
Mission,2023,2,3,2,38,27.139406
Mission,2023,2,5,0,15,10.783454
Mission,2023,2,4,2,21,27.876553
Mission,2023,2,6,2,29,30.53886
Mission,2023,2,3,0,9,11.137774
Mission,2023,2,7,2,26,29.704597
Mission,2023,2,6,1,15,16.657547
Mission,2023,2,7,3,26,31.979504
Mission,2023,2,1,1,13,14.897349
Mission,2023,2,2,0,11,12.106771
Mission,2023,2,1,3,32,28.9777
Mission,2023,2,5,2,21,27.8394
Mission,2023,3,6,1,20,15.957576
Mission,2023,3,1,2,25,27.554596
Mission,2023,3,1,3,24,29.076841
Mission,2023,3,4,0,10,12.854405
Mission,2023,3,3,2,20,29.571835
Mission,2023,3,2,1,14,18.063631
Mission,2023,3,6,0,12,11.191249
Mission,2023,3,3,3,20,29.903465
Mission,2023,3,2,3,22,29.501278
Mission,2023,3,1,1,16,15.274195
Mission,2023,3,6,2,28,29.706158
Mission,2023,3,5,1,28,16.570282
Mission,2023,3,7,2,23,27.107002
Mission,2023,3,3,1,11,18.438162
Mission,2023,3,4,1,21,18.10555
Mission,2023,3,7,3,32,28.932001
Mission,2023,3,4,2,55,30.049433
Mission,2023,3,7,1,11,15.417038
Mission,2023,3,4,3,41,30.381063
Mission,2023,3,7,0,15,14.390173
Mission,2023,3,1,0,15,16.282055
Mission,2023,3,5,2,25,28.514164
Mission,2023,3,5,3,29,29.074945
Mission,2023,3,2,0,11,13.569086
Mission,2023,3,3,0,9,13.1870165
Mission,2023,3,2,2,18,29.197155
Mission,2023,3,6,3,39,30.14106
Mission,2023,3,5,0,6,11.367039
Mission,2023,4,1,3,32,27.50242
Mission,2023,4,1,0,15,15.4204035
Mission,2023,4,2,1,21,16.354727
Mission,2023,4,3,0,5,11.007956
Mission,2023,4,4,2,22,27.938005
Mission,2023,4,3,1,16,16.121729
Mission,2023,4,7,3,32,31.064606
Mission,2023,4,6,0,7,13.0134735
Mission,2023,4,3,3,18,27.011639
Mission,2023,4,4,0,12,10.987335
Mission,2023,4,6,2,23,31.762657
Mission,2023,4,7,2,43,29.439013
Mission,2023,4,5,1,11,17.809994
Mission,2023,4,2,0,9,11.997557
Mission,2023,4,2,3,28,27.21698
Mission,2023,4,6,3,41,31.998154
Mission,2023,4,1,2,25,26.179579
Mission,2023,4,7,0,14,16.162296
Mission,2023,4,7,1,19,17.189161
Mission,2023,4,3,2,13,26.879412
Mission,2023,4,5,2,24,29.509514
Mission,2023,4,2,2,27,27.11226
Mission,2023,4,6,1,19,17.779799
Mission,2023,4,5,3,25,29.64174
Mission,2023,4,4,1,15,16.238485
Mission,2023,4,1,1,24,14.27517
Mission,2023,4,4,3,27,28.070232
Mission,2023,4,5,0,7,12.606746
Mission,2023,5,4,2,32,28.487211
Mission,2023,5,6,2,28,31.311632
Mission,2023,5,4,0,10,12.013843
Mission,2023,5,6,0,8,13.067297
Mission,2023,5,7,1,16,18.073324
Mission,2023,5,1,2,20,28.855679
Mission,2023,5,7,2,23,30.73724
Mission,2023,5,2,1,22,18.53002
Mission,2023,5,5,1,17,16.638582
Mission,2023,5,3,1,17,16.888607
Mission,2023,5,5,2,18,28.446657
Mission,2023,5,1,3,19,31.775627
Mission,2023,5,3,2,34,27.886612
Mission,2023,5,1,1,18,16.947302
Mission,2023,5,3,0,10,12.090151
Mission,2023,5,4,3,32,28.945723
Mission,2023,5,7,3,25,33.959915
Mission,2023,5,2,0,14,13.893524
Mission,2023,5,6,3,19,31.873396
Mission,2023,5,5,3,27,28.905169
Mission,2023,5,2,2,29,29.112703
Mission,2023,5,7,0,5,16.25641
Mission,2023,5,1,0,24,17.712893
Mission,2023,5,3,3,34,28.345123
Mission,2023,5,2,3,33,30.172504
Mission,2023,5,6,1,20,17.247766
Mission,2023,5,4,1,13,16.679136
Mission,2023,5,5,0,13,12.021193
Mission,2023,6,1,0,14,17.319971
Mission,2023,6,3,3,20,30.291847
Mission,2023,6,2,3,31,30.294445
Mission,2023,6,7,1,20,15.455251
Mission,2023,6,3,0,5,12.738374
Mission,2023,6,2,1,10,18.562605
Mission,2023,6,7,0,14,15.20998
Mission,2023,6,2,2,19,29.26467
Mission,2023,6,5,3,35,30.35207
Mission,2023,6,7,2,30,27.21932
Mission,2023,6,5,1,25,17.449926
Mission,2023,6,1,3,28,30.25382
Mission,2023,6,3,2,18,29.234564
Mission,2023,6,3,1,8,18.35237
Mission,2023,6,4,2,23,29.968328
Mission,2023,6,1,1,14,14.982738
Mission,2023,6,6,3,36,31.302172
Mission,2023,6,5,0,17,12.630891
Mission,2023,6,5,2,45,29.14219
Mission,2023,6,1,2,16,26.734241
Mission,2023,6,4,3,31,31.178207
Mission,2023,6,7,3,34,31.04165
Mission,2023,6,6,0,19,12.327701
Mission,2023,6,2,0,12,13.729759
Mission,2023,6,6,2,32,29.989035
Mission,2023,6,6,1,17,16.54876
Mission,2023,6,4,1,19,18.276064
Mission,2023,6,4,0,5,12.6620655
Mission,2023,7,3,1,11,17.166302
Mission,2023,7,7,0,28,17.5006
Mission,2023,7,4,3,39,30.193867
Mission,2023,7,5,2,31,28.98545
Mission,2023,7,2,2,37,27.9858
Mission,2023,7,6,3,32,35.7196
Mission,2023,7,1,1,23,15.400507
Mission,2023,7,4,2,28,28.983988
Mission,2023,7,3,3,35,29.012978
Mission,2023,7,6,0,9,14.784399
Mission,2023,7,2,3,30,29.015575
Mission,2023,7,1,2,24,26.935938
Mission,2023,7,4,1,17,17.384525
Mission,2023,7,4,0,16,12.209984
Mission,2023,7,1,3,39,29.72241
Mission,2023,7,5,1,13,17.385988
Mission,2023,7,2,0,16,13.185266
Mission,2023,7,6,2,31,34.406456
Mission,2023,7,6,1,20,19.799606
Mission,2023,7,1,0,37,17.004635
Mission,2023,7,7,2,36,30.689178
Mission,2023,7,5,3,27,30.19533
Mission,2023,7,2,1,11,17.376537
Mission,2023,7,5,0,16,12.259351
Mission,2023,7,3,0,12,12.19388
Mission,2023,7,3,2,33,27.955694
Mission,2023,7,7,3,46,33.778393
Mission,2023,7,7,1,20,18.478981
Mission,2023,8,6,1,18,16.649118
Mission,2023,8,4,1,30,17.101921
Mission,2023,8,6,3,29,31.78753
Mission,2023,8,5,2,38,28.673159
Mission,2023,8,5,3,40,29.941236
Mission,2023,8,1,2,22,27.351833
Mission,2023,8,4,2,28,28.671696
Mission,2023,8,2,0,13,13.794398
Mission,2023,8,6,2,34,30.416193
Mission,2023,8,4,0,16,11.927383
Mission,2023,8,7,3,35,31.225082
Mission,2023,8,3,1,22,17.223438
Mission,2023,8,4,3,41,29.939774
Mission,2023,8,1,0,18,17.613766
Mission,2023,8,1,3,41,30.364006
Mission,2023,8,3,3,38,29.098625
Mission,2023,8,7,2,29,28.07766
Mission,2023,8,7,0,6,15.204033
Mission,2023,8,6,0,17,11.981371
Mission,2023,8,5,1,25,17.103384
Mission,2023,8,2,3,27,29.657171
Mission,2023,8,2,2,35,28.401695
Mission,2023,8,2,1,13,17.985668
Mission,2023,8,7,1,7,16.182413
Mission,2023,8,3,0,23,12.251022
Mission,2023,8,1,1,22,16.009642
Mission,2023,8,3,2,46,27.983143
Mission,2023,8,5,0,19,11.97675
Mission,2023,9,5,0,11,12.010892
Mission,2023,9,3,0,16,11.673655
Mission,2023,9,3,3,27,28.266542
Mission,2023,9,5,3,22,30.132027
Mission,2023,9,1,1,18,14.684202
Mission,2023,9,2,1,16,16.660225
Mission,2023,9,2,2,15,26.999601
Mission,2023,9,7,2,41,27.900566
Mission,2023,9,6,1,18,16.824453
Mission,2023,9,7,3,30,31.09859
Mission,2023,9,1,0,19,16.215887
Mission,2023,9,6,3,50,32.18909
Mission,2023,9,6,0,24,12.08427
Mission,2023,9,4,3,29,30.130564
Mission,2023,9,1,2,26,25.94974
Mission,2023,9,4,0,12,11.961525
Mission,2023,9,5,2,21,28.813347
Mission,2023,9,4,1,11,17.2085
Mission,2023,9,1,3,23,28.87252
Mission,2023,9,4,2,23,28.811884
Mission,2023,9,5,1,19,17.209963
Mission,2023,9,3,2,24,27.100458
Mission,2023,9,2,0,22,12.3965225
Mission,2023,9,6,2,44,30.76715
Mission,2023,9,7,0,19,14.599599
Mission,2023,9,3,1,13,16.718508
Mission,2023,9,2,3,30,28.165686
Mission,2023,9,7,1,19,15.650411
Mission,2023,10,6,2,37,33.827312
Mission,2023,10,5,0,12,11.689394
Mission,2023,10,2,1,26,16.435253
Mission,2023,10,6,0,8,13.993284
Mission,2023,10,2,0,9,12.258234
Mission,2023,10,3,1,20,16.257582
Mission,2023,10,7,3,27,35.80191
Mission,2023,10,5,1,21,16.80178
Mission,2023,10,3,2,28,26.584515
Mission,2023,10,1,3,51,30.211664
Mission,2023,10,7,2,31,31.7981
Mission,2023,10,7,0,18,17.124819
Mission,2023,10,3,3,38,27.697319
Mission,2023,10,4,3,33,29.304148
Mission,2023,10,7,1,16,18.175634
Mission,2023,10,6,1,22,18.733475
Mission,2023,10,4,0,11,11.33009
Mission,2023,10,4,1,16,16.490381
Mission,2023,10,1,1,28,15.751383
Mission,2023,10,2,2,39,26.719612
Mission,2023,10,5,2,19,28.350147
Mission,2023,10,1,2,31,26.9619
Mission,2023,10,5,3,29,29.615547
Mission,2023,10,6,3,40,35.674797
Mission,2023,10,1,0,29,18.030762
Mission,2023,10,4,2,31,28.038748
Mission,2023,10,3,0,14,11.299409
Mission,2023,10,2,3,47,27.832417
Mission,2023,11,3,1,23,17.248182
Mission,2023,11,1,3,25,28.367302
Mission,2023,11,4,2,45,28.77072
Mission,2023,11,1,0,14,16.445192
Mission,2023,11,1,1,17,14.951772
Mission,2023,11,3,2,32,27.789663
Mission,2023,11,5,1,32,16.42119
Mission,2023,11,4,3,43,29.74143
Mission,2023,11,7,0,18,13.636302
Mission,2023,11,6,1,17,16.039972
Mission,2023,11,1,2,24,26.576855
Mission,2023,11,4,0,21,11.647714
Mission,2023,11,7,3,35,28.519436
Mission,2023,11,5,3,30,29.154816
Mission,2023,11,3,3,32,28.607779
Mission,2023,11,2,1,16,17.22813
Mission,2023,11,2,0,13,12.851314
Mission,2023,11,6,3,48,30.720594
Mission,2023,11,3,0,17,12.09021
Mission,2023,11,2,3,31,28.587727
Mission,2023,11,2,2,33,27.769611
Mission,2023,11,5,2,32,28.184105
Mission,2023,11,6,0,20,11.29979
Mission,2023,11,7,2,18,26.453745
Mission,2023,11,4,1,15,17.007805
Mission,2023,11,6,2,34,29.646612
Mission,2023,11,7,1,21,14.966456
Mission,2023,11,5,0,17,11.187941
Mission,2023,12,6,3,46,34.98006
Mission,2023,12,2,3,20,27.520727
Mission,2023,12,1,3,38,26.87897
Mission,2023,12,1,2,32,25.472786
Mission,2023,12,6,1,19,18.071867
Mission,2023,12,4,1,16,18.365904
Mission,2023,12,2,2,21,27.253231
Mission,2023,12,7,1,15,16.119034
Mission,2023,12,1,1,20,13.593751
Mission,2023,12,3,1,11,16.686573
Mission,2023,12,5,0,13,13.157264
Mission,2023,12,2,0,20,10.708908
Mission,2023,12,6,2,34,34.541332
Mission,2023,12,5,3,29,32.909958
Mission,2023,12,4,3,29,32.885353
Mission,2023,12,3,3,26,28.165558
Mission,2023,12,7,0,10,14.788875
Mission,2023,12,3,2,38,27.814852
Mission,2023,12,1,0,27,13.435423
Mission,2023,12,2,1,12,16.124952
Mission,2023,12,7,3,54,30.74209
Mission,2023,12,3,0,14,11.5286045
Mission,2023,12,5,2,37,32.574497
Mission,2023,12,7,2,30,29.1453
Mission,2023,12,5,1,15,18.390507
Mission,2023,12,4,0,12,13.005821
Mission,2023,12,6,0,19,13.331683
Mission,2023,12,4,2,25,32.549896
N Hollywood,2023,1,3,3,38,32.850258
N Hollywood,2023,1,5,2,31,34.983974
N Hollywood,2023,1,5,3,34,35.47646
N Hollywood,2023,1,4,2,47,35.939194
N Hollywood,2023,1,2,2,36,34.682335
N Hollywood,2023,1,2,0,24,16.41154
N Hollywood,2023,1,5,0,25,15.695609
N Hollywood,2023,1,5,1,17,22.16719
N Hollywood,2023,1,3,1,29,20.365002
N Hollywood,2023,1,4,1,16,23.180033
N Hollywood,2023,1,6,2,40,42.946136
N Hollywood,2023,1,4,3,27,35.470943
N Hollywood,2023,1,7,2,31,39.281326
N Hollywood,2023,1,6,3,25,43.7272
N Hollywood,2023,1,2,3,38,34.5666
N Hollywood,2023,1,6,1,25,24.872839
N Hollywood,2023,1,3,0,23,14.266168
N Hollywood,2023,1,3,2,30,32.935165
N Hollywood,2023,1,1,1,19,20.141281
N Hollywood,2023,1,1,0,32,20.736624
N Hollywood,2023,1,4,0,21,17.043703
N Hollywood,2023,1,7,3,32,41.506596
N Hollywood,2023,1,7,0,13,21.037241
N Hollywood,2023,1,7,1,18,21.879538
N Hollywood,2023,1,2,1,19,21.883919
N Hollywood,2023,1,6,0,15,19.070648
N Hollywood,2023,1,1,3,46,36.345184
N Hollywood,2023,1,1,2,38,34.894108
N Hollywood,2023,2,6,1,17,21.427664
N Hollywood,2023,2,5,3,33,32.825893
N Hollywood,2023,2,2,2,28,33.16841
N Hollywood,2023,2,7,2,33,37.1854
N Hollywood,2023,2,4,1,30,20.930737
N Hollywood,2023,2,4,2,42,33.134388
N Hollywood,2023,2,6,0,18,15.622716
N Hollywood,2023,2,3,1,22,20.876152
N Hollywood,2023,2,1,2,27,32.68188
N Hollywood,2023,2,2,1,21,21.333889
N Hollywood,2023,2,7,1,18,20.49703
N Hollywood,2023,2,5,1,24,20.774317
N Hollywood,2023,2,3,3,31,32.712822
N Hollywood,2023,2,3,2,33,32.980896
N Hollywood,2023,2,6,2,43,37.767895
N Hollywood,2023,2,5,0,18,14.29998
N Hollywood,2023,2,4,3,40,32.837605
N Hollywood,2023,2,2,0,15,15.858755
N Hollywood,2023,2,2,3,41,32.869503
N Hollywood,2023,2,5,2,26,33.03559
N Hollywood,2023,2,3,0,19,14.774563
N Hollywood,2023,2,7,3,47,39.36434
N Hollywood,2023,2,6,3,28,38.452824
N Hollywood,2023,2,7,0,32,19.65198
N Hollywood,2023,2,1,1,18,19.590698
N Hollywood,2023,2,4,0,18,14.791658
N Hollywood,2023,2,1,0,27,20.183287
N Hollywood,2023,2,1,3,24,33.95551
N Hollywood,2023,3,7,3,28,35.893932
N Hollywood,2023,3,3,3,20,36.37577
N Hollywood,2023,3,2,3,44,35.750084
N Hollywood,2023,3,7,0,14,17.366743
N Hollywood,2023,3,5,1,33,21.139683
N Hollywood,2023,3,1,1,11,19.285067
N Hollywood,2023,3,3,2,37,36.61319
N Hollywood,2023,3,6,2,38,37.069817
N Hollywood,2023,3,2,0,22,17.285126
N Hollywood,2023,3,6,1,24,20.785786
N Hollywood,2023,3,3,1,16,23.153097
N Hollywood,2023,3,4,1,29,23.15674
N Hollywood,2023,3,1,2,41,33.4762
N Hollywood,2023,3,7,1,16,18.211794
N Hollywood,2023,3,7,2,43,34.333523
N Hollywood,2023,3,1,0,26,19.877655
N Hollywood,2023,3,2,2,37,36.042034
N Hollywood,2023,3,3,0,25,16.9596
N Hollywood,2023,3,6,0,17,14.886516
N Hollywood,2023,3,5,0,23,14.676197
N Hollywood,2023,3,1,3,28,34.25523
N Hollywood,2023,3,5,3,54,34.647728
N Hollywood,2023,3,2,1,30,22.852163
N Hollywood,2023,3,5,2,48,34.597622
N Hollywood,2023,3,4,3,54,36.449608
N Hollywood,2023,3,6,3,43,37.67702
N Hollywood,2023,3,4,0,16,16.963245
N Hollywood,2023,3,4,2,53,36.715736
N Hollywood,2023,4,7,0,22,19.280382
N Hollywood,2023,4,4,1,18,21.030577
N Hollywood,2023,4,5,2,30,35.65214
N Hollywood,2023,4,7,2,45,37.071148
N Hollywood,2023,4,1,2,42,32.270668
N Hollywood,2023,4,7,3,43,38.55384
N Hollywood,2023,4,3,1,12,20.811672
N Hollywood,2023,4,3,3,35,33.4477
N Hollywood,2023,4,2,0,19,15.878646
N Hollywood,2023,4,6,1,20,22.749525
N Hollywood,2023,4,7,1,20,20.125433
N Hollywood,2023,4,3,2,31,33.762836
N Hollywood,2023,4,6,2,46,39.531937
N Hollywood,2023,4,1,3,48,32.97198
N Hollywood,2023,4,1,0,29,19.181053
N Hollywood,2023,4,6,3,48,40.061424
N Hollywood,2023,4,5,0,16,16.1386
N Hollywood,2023,4,4,0,15,14.837077
N Hollywood,2023,4,1,1,22,18.588465
N Hollywood,2023,4,5,3,53,35.395382
N Hollywood,2023,4,5,1,20,22.602085
N Hollywood,2023,4,2,3,38,33.756958
N Hollywood,2023,4,2,1,16,21.445684
N Hollywood,2023,4,2,2,31,34.126625
N Hollywood,2023,4,6,0,23,16.850264
N Hollywood,2023,4,4,2,41,34.08064
N Hollywood,2023,4,4,3,58,33.736794
N Hollywood,2023,4,3,0,16,14.6181755
N Hollywood,2023,5,4,1,44,22.387327
N Hollywood,2023,5,1,1,13,23.282932
N Hollywood,2023,5,4,0,20,17.932165
N Hollywood,2023,5,6,2,43,39.413033
N Hollywood,2023,5,2,1,37,24.471521
N Hollywood,2023,5,2,0,19,20.158344
N Hollywood,2023,5,2,3,55,36.253147
N Hollywood,2023,5,5,2,30,34.616234
N Hollywood,2023,5,5,0,15,17.621622
N Hollywood,2023,5,5,3,21,34.412083
N Hollywood,2023,5,5,1,22,22.34677
N Hollywood,2023,5,4,2,41,34.65679
N Hollywood,2023,5,2,2,49,35.941406
N Hollywood,2023,5,1,3,35,38.74719
N Hollywood,2023,5,6,3,33,39.99513
N Hollywood,2023,5,4,3,41,34.365555
N Hollywood,2023,5,3,2,43,34.584377
N Hollywood,2023,5,7,2,32,39.812614
N Hollywood,2023,5,7,0,21,22.434052
N Hollywood,2023,5,3,3,40,34.32185
N Hollywood,2023,5,7,1,12,23.09748
N Hollywood,2023,5,1,2,31,35.872234
N Hollywood,2023,5,6,1,17,23.133589
N Hollywood,2023,5,3,0,26,17.913164
N Hollywood,2023,5,3,1,22,22.50149
N Hollywood,2023,5,1,0,19,24.848251
N Hollywood,2023,5,7,3,29,43.06343
N Hollywood,2023,5,6,0,15,18.972666
N Hollywood,2023,6,6,0,27,17.987984
N Hollywood,2023,6,4,3,31,36.956287
N Hollywood,2023,6,2,0,22,19.94546
N Hollywood,2023,6,7,3,36,39.25647
N Hollywood,2023,6,4,2,38,36.3096
N Hollywood,2023,6,1,3,41,36.85094
N Hollywood,2023,6,2,2,29,36.109394
N Hollywood,2023,6,7,0,19,21.142538
N Hollywood,2023,6,3,1,13,24.071802
N Hollywood,2023,6,6,3,42,38.92568
N Hollywood,2023,6,4,1,16,24.090803
N Hollywood,2023,6,7,2,32,35.89651
N Hollywood,2023,6,3,3,35,36.626827
N Hollywood,2023,6,5,2,37,35.48345
N Hollywood,2023,6,2,3,42,36.577663
N Hollywood,2023,6,1,0,19,24.406208
N Hollywood,2023,6,1,1,9,21.089066
N Hollywood,2023,6,5,0,30,18.337872
N Hollywood,2023,6,5,3,36,36.13014
N Hollywood,2023,6,1,2,33,33.86289
N Hollywood,2023,6,3,0,20,18.667936
N Hollywood,2023,6,4,0,13,18.686937
N Hollywood,2023,6,7,1,23,20.054144
N Hollywood,2023,6,2,1,25,24.454985
N Hollywood,2023,6,5,1,30,23.264666
N Hollywood,2023,6,3,2,27,36.104027
N Hollywood,2023,6,6,1,26,22.1895
N Hollywood,2023,6,6,2,49,37.59617
N Hollywood,2023,7,7,1,29,23.249922
N Hollywood,2023,7,2,0,30,19.378695
N Hollywood,2023,7,3,3,49,35.312748
N Hollywood,2023,7,5,0,17,17.878672
N Hollywood,2023,7,1,0,41,24.068602
N Hollywood,2023,7,4,3,44,35.844326
N Hollywood,2023,7,5,3,28,35.845787
N Hollywood,2023,7,1,1,23,21.484566
N Hollywood,2023,7,3,1,25,22.890488
N Hollywood,2023,7,6,2,43,42.05392
N Hollywood,2023,7,7,3,40,42.42977
N Hollywood,2023,7,3,0,11,18.128195
N Hollywood,2023,7,2,2,39,34.901054
N Hollywood,2023,7,7,0,26,23.60521
N Hollywood,2023,7,5,2,39,35.33186
N Hollywood,2023,7,6,1,24,25.612396
N Hollywood,2023,7,1,2,39,34.258385
N Hollywood,2023,7,4,2,30,35.3304
N Hollywood,2023,7,1,3,48,36.407597
N Hollywood,2023,7,6,3,44,43.647923
N Hollywood,2023,7,6,0,19,20.616735
N Hollywood,2023,7,2,1,23,23.246647
N Hollywood,2023,7,4,0,23,18.147196
N Hollywood,2023,7,2,3,53,35.263584
N Hollywood,2023,7,5,1,21,23.113068
N Hollywood,2023,7,3,2,42,34.922707
N Hollywood,2023,7,4,1,29,23.111605
N Hollywood,2023,7,7,2,40,39.53842
N Hollywood,2023,8,2,2,42,35.836178
N Hollywood,2023,8,3,2,42,34.94683
N Hollywood,2023,8,3,3,37,35.441364
N Hollywood,2023,8,4,0,22,18.104822
N Hollywood,2023,8,5,2,41,35.184605
N Hollywood,2023,8,7,1,13,21.15708
N Hollywood,2023,8,7,3,35,39.62779
N Hollywood,2023,8,4,1,32,23.069231
N Hollywood,2023,8,1,0,21,25.272152
N Hollywood,2023,8,6,1,32,22.665636
N Hollywood,2023,8,2,3,36,35.948147
N Hollywood,2023,8,6,2,36,38.093216
N Hollywood,2023,8,5,0,25,17.836298
N Hollywood,2023,8,6,3,39,39.46719
N Hollywood,2023,8,1,1,25,22.688116
N Hollywood,2023,8,3,0,16,18.257196
N Hollywood,2023,8,1,2,24,35.19351
N Hollywood,2023,8,3,1,38,23.01949
N Hollywood,2023,8,7,2,46,36.956467
N Hollywood,2023,8,2,0,11,20.582245
N Hollywood,2023,8,5,3,37,35.831734
N Hollywood,2023,8,6,0,15,18.01743
N Hollywood,2023,8,4,3,35,35.830273
N Hollywood,2023,8,7,0,16,21.512367
N Hollywood,2023,8,4,2,47,35.183144
N Hollywood,2023,8,5,1,19,23.070694
N Hollywood,2023,8,1,3,36,37.09216
N Hollywood,2023,8,2,1,22,24.450197
N Hollywood,2023,9,4,2,36,35.284542
N Hollywood,2023,9,3,0,17,17.919111
N Hollywood,2023,9,1,0,21,23.386839
N Hollywood,2023,9,4,3,31,36.01395
N Hollywood,2023,9,5,3,36,36.01541
N Hollywood,2023,9,4,0,23,18.082108
N Hollywood,2023,9,2,1,15,22.867437
N Hollywood,2023,9,2,2,37,34.532143
N Hollywood,2023,9,3,1,25,22.753838
N Hollywood,2023,9,7,1,27,20.106792
N Hollywood,2023,9,5,2,32,35.286003
N Hollywood,2023,9,3,2,37,34.6588
N Hollywood,2023,9,1,3,47,36.22701
N Hollywood,2023,9,6,2,64,38.337864
N Hollywood,2023,9,6,3,65,39.794117
N Hollywood,2023,9,5,0,13,17.813583
N Hollywood,2023,9,4,1,22,23.11895
N Hollywood,2023,9,6,0,27,18.06347
N Hollywood,2023,9,2,3,37,35.082996
N Hollywood,2023,9,1,1,20,20.875238
N Hollywood,2023,9,6,1,21,22.784113
N Hollywood,2023,9,7,0,31,20.389645
N Hollywood,2023,9,1,2,40,33.659355
N Hollywood,2023,9,7,2,41,36.211628
N Hollywood,2023,9,5,1,27,23.120413
N Hollywood,2023,9,3,3,30,35.23561
N Hollywood,2023,9,7,3,39,39.195347
N Hollywood,2023,9,2,0,12,18.92705
N Hollywood,2023,10,4,2,48,34.556095
N Hollywood,2023,10,2,2,52,34.218807
N Hollywood,2023,10,6,3,29,45.000713
N Hollywood,2023,10,3,3,47,34.67055
N Hollywood,2023,10,4,3,39,35.269737
N Hollywood,2023,10,6,0,17,20.56621
N Hollywood,2023,10,3,1,38,22.25957
N Hollywood,2023,10,6,1,15,25.377417
N Hollywood,2023,10,6,2,49,42.365326
N Hollywood,2023,10,1,0,22,25.398489
N Hollywood,2023,10,7,1,28,23.867386
N Hollywood,2023,10,7,2,39,41.62755
N Hollywood,2023,10,1,3,51,37.57033
N Hollywood,2023,10,5,3,38,35.581135
N Hollywood,2023,10,4,1,28,22.445526
N Hollywood,2023,10,4,0,10,17.495367
N Hollywood,2023,10,3,2,39,34.109505
N Hollywood,2023,10,1,2,63,34.868298
N Hollywood,2023,10,5,1,26,22.756926
N Hollywood,2023,10,3,0,26,17.511526
N Hollywood,2023,10,2,3,50,34.753895
N Hollywood,2023,10,5,0,14,17.53678
N Hollywood,2023,10,2,1,25,22.609123
N Hollywood,2023,10,2,0,19,18.755419
N Hollywood,2023,10,7,3,37,45.940548
N Hollywood,2023,10,7,0,14,24.059673
N Hollywood,2023,10,1,1,37,22.139193
N Hollywood,2023,10,5,2,49,34.867493
N Hollywood,2023,11,7,2,39,33.92355
N Hollywood,2023,11,7,0,28,18.622396
N Hollywood,2023,11,4,2,54,35.276653
N Hollywood,2023,11,4,1,36,22.411217
N Hollywood,2023,11,4,3,55,35.914593
N Hollywood,2023,11,2,2,31,35.304493
N Hollywood,2023,11,7,1,30,18.47075
N Hollywood,2023,11,3,3,47,35.71529
N Hollywood,2023,11,1,2,27,34.311424
N Hollywood,2023,11,6,1,20,20.866457
N Hollywood,2023,11,6,0,17,15.965472
N Hollywood,2023,11,3,0,20,17.19426
N Hollywood,2023,11,5,2,54,34.69004
N Hollywood,2023,11,3,1,25,22.62514
N Hollywood,2023,11,7,3,41,35.88279
N Hollywood,2023,11,1,0,18,22.69851
N Hollywood,2023,11,2,1,30,22.897366
N Hollywood,2023,11,4,0,21,16.778221
N Hollywood,2023,11,3,2,40,35.229946
N Hollywood,2023,11,2,0,13,18.360825
N Hollywood,2023,11,5,0,16,16.000559
N Hollywood,2023,11,1,1,19,20.37972
N Hollywood,2023,11,1,3,38,35.8546
N Hollywood,2023,11,2,3,39,35.763878
N Hollywood,2023,11,6,2,33,35.83751
N Hollywood,2023,11,6,3,50,37.202293
N Hollywood,2023,11,5,3,62,35.32798
N Hollywood,2023,11,5,1,31,21.824602
N Hollywood,2023,12,2,3,37,33.49561
N Hollywood,2023,12,2,1,19,20.628439
N Hollywood,2023,12,6,1,40,23.012571
N Hollywood,2023,12,5,3,45,39.028576
N Hollywood,2023,12,2,2,35,32.797924
N Hollywood,2023,12,4,3,37,39.00397
N Hollywood,2023,12,3,0,16,16.506266
N Hollywood,2023,12,7,3,45,39.62035
N Hollywood,2023,12,5,0,22,17.65524
N Hollywood,2023,12,5,2,47,38.394882
N Hollywood,2023,12,6,3,55,42.65976
N Hollywood,2023,12,3,1,26,21.854
N Hollywood,2023,12,1,2,34,31.550003
N Hollywood,2023,12,7,2,52,38.01389
N Hollywood,2023,12,1,1,24,17.855947
N Hollywood,2023,12,3,3,34,34.805866
N Hollywood,2023,12,5,1,32,23.396141
N Hollywood,2023,12,4,1,35,23.371538
N Hollywood,2023,12,7,1,30,19.832537
N Hollywood,2023,12,4,2,56,38.370277
N Hollywood,2023,12,6,2,54,41.29922
N Hollywood,2023,12,6,0,20,17.89204
N Hollywood,2023,12,2,0,11,15.210185
N Hollywood,2023,12,1,3,38,32.37913
N Hollywood,2023,12,3,2,72,34.324768
N Hollywood,2023,12,4,0,18,17.821686
N Hollywood,2023,12,7,0,24,19.764639
N Hollywood,2023,12,1,0,23,18.549112
Newton,2023,1,3,0,15,13.630952
Newton,2023,1,1,3,32,35.618893
Newton,2023,1,4,1,23,23.530266
Newton,2023,1,1,2,52,34.005238
Newton,2023,1,7,1,16,21.92634
Newton,2023,1,7,2,48,38.750687
Newton,2023,1,7,0,23,21.281338
Newton,2023,1,1,1,36,20.323072
Newton,2023,1,6,3,31,43.377052
Newton,2023,1,6,0,23,18.948978
Newton,2023,1,5,1,29,22.525415
Newton,2023,1,3,2,55,32.521816
Newton,2023,1,6,2,37,42.34307
Newton,2023,1,5,3,29,35.117653
Newton,2023,1,2,3,37,33.925297
Newton,2023,1,3,3,43,32.378525
Newton,2023,1,4,3,38,34.99368
Newton,2023,1,2,1,25,22.04877
Newton,2023,1,5,0,12,15.732888
Newton,2023,1,2,2,39,34.099422
Newton,2023,1,4,0,21,16.652964
Newton,2023,1,1,0,62,20.861946
Newton,2023,1,2,0,23,16.110462
Newton,2023,1,6,1,21,25.072115
Newton,2023,1,7,3,34,41.554478
Newton,2023,1,4,2,28,35.429596
Newton,2023,1,5,2,32,34.48237
Newton,2023,1,3,1,21,20.470762
Newton,2023,2,2,0,25,15.811941
Newton,2023,2,4,2,36,33.256603
Newton,2023,2,7,1,22,20.786106
Newton,2023,2,4,0,13,14.484237
Newton,2023,2,1,0,23,20.562874
Newton,2023,2,1,3,41,34.286236
Newton,2023,2,4,3,49,33.05401
Newton,2023,2,3,3,34,32.584328
Newton,2023,2,6,0,16,15.743317
Newton,2023,2,1,2,29,32.788166
Newton,2023,2,4,1,21,21.364292
Newton,2023,2,3,1,25,21.055527
Newton,2023,2,6,3,40,39.35503
Newton,2023,2,2,2,40,33.327946
Newton,2023,2,5,2,36,33.1658
Newton,2023,2,7,3,26,40.5329
Newton,2023,2,5,1,19,21.215864
Newton,2023,2,5,0,14,14.420579
Newton,2023,2,7,2,33,37.71358
Newton,2023,2,1,1,20,20.026754
Newton,2023,2,2,1,23,21.753006
Newton,2023,2,6,1,25,21.869213
Newton,2023,2,2,3,27,33.0325
Newton,2023,2,3,2,38,32.848938
Newton,2023,2,6,2,34,38.355328
Newton,2023,2,7,0,25,20.13835
Newton,2023,2,3,0,15,14.21296
Newton,2023,2,5,3,35,33.160755
Newton,2023,3,6,1,21,21.227333
Newton,2023,3,1,2,36,33.758877
Newton,2023,3,4,2,42,37.014347
Newton,2023,3,5,0,13,14.796796
Newton,2023,3,2,0,16,17.238314
Newton,2023,3,7,0,23,17.853113
Newton,2023,3,5,2,56,34.904224
Newton,2023,3,7,3,37,37.062492
Newton,2023,3,5,1,32,21.58123
Newton,2023,3,7,1,23,18.500868
Newton,2023,3,1,1,31,19.721123
Newton,2023,3,7,2,35,34.861706
Newton,2023,3,3,0,12,16.398005
Newton,2023,3,1,0,24,20.257242
Newton,2023,3,6,2,45,37.65725
Newton,2023,3,2,2,36,36.37796
Newton,2023,3,5,3,45,35.158985
Newton,2023,3,2,1,21,23.27128
Newton,2023,3,3,3,27,36.423668
Newton,2023,3,3,2,36,36.657623
Newton,2023,3,4,0,15,16.655827
Newton,2023,3,4,1,24,23.590296
Newton,2023,3,3,1,21,23.332472
Newton,2023,3,2,3,41,36.089474
Newton,2023,3,6,0,22,15.007115
Newton,2023,3,6,3,36,38.579227
Newton,2023,3,1,3,39,34.76235
Newton,2023,3,4,3,36,36.842407
Newton,2023,4,7,3,49,39.7224
Newton,2023,4,7,2,37,37.59933
Newton,2023,4,6,2,41,40.11937
Newton,2023,4,4,2,44,34.37925
Newton,2023,4,5,3,28,35.90664
Newton,2023,4,5,0,14,16.259201
Newton,2023,4,5,1,27,23.043633
Newton,2023,4,6,3,32,40.96363
Newton,2023,4,6,0,14,16.970867
Newton,2023,4,7,0,43,19.766752
Newton,2023,4,7,1,31,20.414509
Newton,2023,4,5,2,28,35.958744
Newton,2023,4,2,1,24,21.864801
Newton,2023,4,2,2,32,34.46256
Newton,2023,4,2,3,30,34.096355
Newton,2023,4,2,0,16,15.831831
Newton,2023,4,3,1,31,20.991047
Newton,2023,4,1,1,24,19.02452
Newton,2023,4,6,1,20,23.191074
Newton,2023,4,1,2,29,32.553352
Newton,2023,4,3,2,42,33.80727
Newton,2023,4,1,3,38,33.479107
Newton,2023,4,4,0,16,14.529655
Newton,2023,4,3,0,10,14.056573
Newton,2023,4,1,0,35,19.56064
Newton,2023,4,4,1,33,21.464132
Newton,2023,4,3,3,23,33.495598
Newton,2023,4,4,3,32,34.129593
Newton,2023,5,6,3,48,40.94386
Newton,2023,5,2,0,25,20.255535
Newton,2023,5,6,2,27,39.84885
Newton,2023,5,3,0,21,17.31754
Newton,2023,5,6,0,13,19.09327
Newton,2023,5,1,2,37,36.06128
Newton,2023,5,1,3,39,39.523003
Newton,2023,5,4,0,18,17.590721
Newton,2023,5,7,1,33,23.386557
Newton,2023,5,5,1,31,22.788317
Newton,2023,5,2,2,52,36.269722
Newton,2023,5,4,2,48,34.76976
Newton,2023,5,1,1,18,23.862991
Newton,2023,5,1,0,31,25.371841
Newton,2023,5,3,2,47,34.443172
Newton,2023,5,3,3,39,34.427925
Newton,2023,5,7,2,33,40.004536
Newton,2023,5,5,3,33,34.814354
Newton,2023,5,6,1,27,23.57514
Newton,2023,5,5,2,43,34.77122
Newton,2023,5,4,3,40,34.725807
Newton,2023,5,3,1,29,22.646837
Newton,2023,5,2,3,31,36.828743
Newton,2023,5,7,0,37,22.920422
Newton,2023,5,5,0,15,17.742226
Newton,2023,5,7,3,47,44.21238
Newton,2023,5,4,1,23,22.786856
Newton,2023,5,2,1,34,25.034641
Newton,2023,6,3,1,24,24.21715
Newton,2023,6,7,1,25,20.381742
Newton,2023,6,1,3,33,37.518944
Newton,2023,6,1,1,25,21.561304
Newton,2023,6,3,3,35,36.732903
Newton,2023,6,4,2,34,36.42257
Newton,2023,6,7,2,34,36.126957
Newton,2023,6,6,3,42,39.912933
Newton,2023,6,2,0,23,19.93483
Newton,2023,6,2,3,28,37.04545
Newton,2023,6,5,3,41,36.570934
Newton,2023,6,5,2,55,35.676964
Newton,2023,6,4,0,17,18.345493
Newton,2023,6,1,2,28,33.944115
Newton,2023,6,4,1,22,24.490332
Newton,2023,6,4,3,19,37.31654
Newton,2023,6,6,0,26,18.14711
Newton,2023,6,3,0,13,18.072311
Newton,2023,6,5,1,43,23.744736
Newton,2023,6,2,2,42,36.32989
Newton,2023,6,5,0,21,18.496998
Newton,2023,6,6,1,22,22.66957
Newton,2023,6,3,2,27,35.962814
Newton,2023,6,1,0,40,24.821978
Newton,2023,6,6,2,45,38.07051
Newton,2023,6,2,1,25,24.910284
Newton,2023,6,7,0,26,21.66743
Newton,2023,6,7,3,60,40.443943
Newton,2023,7,7,3,51,43.644623
Newton,2023,7,3,0,18,17.64049
Newton,2023,7,7,2,57,39.796246
Newton,2023,7,6,1,33,26.119846
Newton,2023,7,2,2,41,35.14618
Newton,2023,7,4,0,17,17.913671
Newton,2023,7,3,1,24,23.143755
Newton,2023,7,6,2,48,42.55564
Newton,2023,7,1,1,29,21.981426
Newton,2023,7,4,1,26,23.619053
Newton,2023,7,1,3,57,37.100227
Newton,2023,7,2,1,25,23.726568
Newton,2023,7,2,0,28,19.392687
Newton,2023,7,4,3,39,36.3125
Newton,2023,7,1,2,44,34.36424
Newton,2023,7,6,3,57,44.662556
Newton,2023,7,4,2,31,35.55129
Newton,2023,7,5,2,30,35.55275
Newton,2023,7,3,2,50,34.889416
Newton,2023,7,3,3,43,35.526745
Newton,2023,7,5,1,39,23.620516
Newton,2023,7,7,1,27,23.604898
Newton,2023,7,1,0,45,24.508993
Newton,2023,7,5,0,8,18.065176
Newton,2023,7,5,3,26,36.31396
Newton,2023,7,6,0,19,20.80324
Newton,2023,7,7,0,36,24.157478
Newton,2023,7,2,3,46,35.755997
Newton,2023,8,4,3,35,36.463036
Newton,2023,8,7,1,21,21.57656
Newton,2023,8,6,1,25,23.237589
Newton,2023,8,2,0,30,21.23149
Newton,2023,8,4,0,20,17.98348
Newton,2023,8,3,1,27,23.38494
Newton,2023,8,7,2,37,37.3312
Newton,2023,8,3,3,43,35.81995
Newton,2023,8,1,2,34,35.98702
Newton,2023,8,3,0,22,17.881674
Newton,2023,8,2,3,38,37.128216
Newton,2023,8,6,3,57,40.598732
Newton,2023,8,7,0,39,22.12914
Newton,2023,8,5,3,56,36.464497
Newton,2023,8,5,1,30,23.690325
Newton,2023,8,2,2,28,36.76896
Newton,2023,8,2,1,27,25.56537
Newton,2023,8,5,0,30,18.134985
Newton,2023,8,1,1,21,23.820229
Newton,2023,8,4,1,32,23.688862
Newton,2023,8,6,0,14,18.268436
Newton,2023,8,5,2,48,35.570084
Newton,2023,8,1,3,35,38.472446
Newton,2023,8,4,2,60,35.568623
Newton,2023,8,6,2,45,38.711845
Newton,2023,8,3,2,54,35.07813
Newton,2023,8,7,3,61,40.95955
Newton,2023,8,1,0,37,26.347795
Newton,2023,9,5,3,35,36.648174
Newton,2023,9,5,1,25,23.740047
Newton,2023,9,3,2,37,34.7901
Newton,2023,9,6,2,55,38.956493
Newton,2023,9,2,1,19,23.422781
Newton,2023,9,3,0,10,17.543589
Newton,2023,9,4,0,10,17.960766
Newton,2023,9,7,0,38,21.006418
Newton,2023,9,3,3,35,35.614197
Newton,2023,9,6,3,63,40.92566
Newton,2023,9,2,3,34,35.703228
Newton,2023,9,3,1,23,23.119291
Newton,2023,9,5,0,11,18.11227
Newton,2023,9,5,2,47,35.671482
Newton,2023,9,7,1,29,20.526272
Newton,2023,9,7,3,59,40.527107
Newton,2023,9,4,1,28,23.738585
Newton,2023,9,1,1,24,21.447521
Newton,2023,9,1,3,25,37.04746
Newton,2023,9,2,2,46,34.90509
Newton,2023,9,1,0,38,23.902653
Newton,2023,9,2,0,19,19.016464
Newton,2023,9,4,3,49,36.646713
Newton,2023,9,1,2,42,33.893032
Newton,2023,9,4,2,44,35.67002
Newton,2023,9,6,1,36,23.356066
Newton,2023,9,7,2,62,36.58636
Newton,2023,9,6,0,31,18.314478
Newton,2023,10,5,0,10,17.641073
Newton,2023,10,7,2,39,41.855568
Newton,2023,10,3,1,51,22.43063
Newton,2023,10,2,1,44,22.970074
Newton,2023,10,6,1,24,25.802656
Newton,2023,10,2,3,37,35.179733
Newton,2023,10,5,3,38,36.019505
Newton,2023,10,6,3,63,45.985542
Newton,2023,10,3,2,45,34.046413
Newton,2023,10,7,3,46,47.125595
Newton,2023,10,4,0,13,17.179632
Newton,2023,10,4,3,38,35.708107
Newton,2023,10,1,3,55,38.19639
Newton,2023,10,4,1,22,22.870768
Newton,2023,10,5,2,28,35.05858
Newton,2023,10,4,2,37,34.74718
Newton,2023,10,7,1,31,24.140152
Newton,2023,10,1,2,49,34.90758
Newton,2023,10,2,2,55,34.39736
Newton,2023,10,1,1,31,22.517082
Newton,2023,10,2,0,16,18.65044
Newton,2023,10,6,2,40,42.837242
Newton,2023,10,1,0,54,25.71991
Newton,2023,10,7,0,55,24.529734
Newton,2023,10,6,0,15,20.670504
Newton,2023,10,5,1,25,23.182167
Newton,2023,10,3,3,49,34.854744
Newton,2023,10,3,0,25,16.94161
Newton,2023,11,3,0,18,17.086834
Newton,2023,11,3,3,41,36.361973
Newton,2023,11,5,3,47,35.285355
Newton,2023,11,5,2,45,34.40013
Newton,2023,11,2,1,23,23.350313
Newton,2023,11,2,2,24,35.575043
Newton,2023,11,5,0,18,15.623856
Newton,2023,11,1,0,34,22.919586
Newton,2023,11,7,2,40,33.494514
Newton,2023,11,6,1,21,20.844835
Newton,2023,11,4,1,25,22.799217
Newton,2023,11,6,3,42,37.74026
Newton,2023,11,1,1,22,20.657265
Newton,2023,11,1,3,36,36.38031
Newton,2023,11,2,0,18,18.347841
Newton,2023,11,4,3,35,36.315727
Newton,2023,11,6,2,39,35.862564
Newton,2023,11,5,1,30,21.768845
Newton,2023,11,4,2,44,35.430504
Newton,2023,11,7,3,52,36.620975
Newton,2023,11,6,0,15,15.622903
Newton,2023,11,1,2,43,34.04017
Newton,2023,11,2,3,31,36.28171
Newton,2023,11,3,1,18,23.258688
Newton,2023,11,7,0,28,18.645594
Newton,2023,11,3,2,39,35.629345
Newton,2023,11,4,0,23,16.425247
Newton,2023,11,7,1,15,18.296652
Newton,2023,12,3,3,26,33.146847
Newton,2023,12,6,3,40,42.944065
Newton,2023,12,2,1,24,19.758085
Newton,2023,12,3,2,35,32.48032
Newton,2023,12,6,1,38,23.10893
Newton,2023,12,2,0,22,13.8739
Newton,2023,12,4,2,42,37.234318
Newton,2023,12,2,3,32,32.831657
Newton,2023,12,7,0,47,20.078106
Newton,2023,12,1,1,21,18.10575
Newton,2023,12,5,0,17,17.10215
Newton,2023,12,7,3,62,40.277164
Newton,2023,12,1,3,39,33.018616
Newton,2023,12,5,3,23,38.19817
Newton,2023,12,4,0,14,16.848568
Newton,2023,12,3,1,19,20.673613
Newton,2023,12,6,2,43,41.012344
Newton,2023,12,5,2,35,37.258923
Newton,2023,12,4,3,29,38.173565
Newton,2023,12,3,0,15,14.5849085
Newton,2023,12,4,1,19,23.139395
Newton,2023,12,1,0,24,18.742443
Newton,2023,12,2,2,30,31.948544
Newton,2023,12,7,2,46,37.445213
Newton,2023,12,7,1,25,19.948708
Newton,2023,12,5,1,11,23.163998
Newton,2023,12,6,0,27,17.66745
Newton,2023,12,1,2,46,31.454372
Northeast,2023,1,7,1,28,20.027727
Northeast,2023,1,3,2,45,28.575495
Northeast,2023,1,3,0,15,11.13156
Northeast,2023,1,2,2,34,31.492788
Northeast,2023,1,7,0,11,17.553152
Northeast,2023,1,5,2,28,32.034637
Northeast,2023,1,2,0,20,14.935023
Northeast,2023,1,5,3,43,32.50578
Northeast,2023,1,6,3,44,39.22707
Northeast,2023,1,7,3,37,36.838737
Northeast,2023,1,7,2,34,34.866413
Northeast,2023,1,2,1,25,20.17629
Northeast,2023,1,3,3,35,29.452135
Northeast,2023,1,6,2,35,38.817253
Northeast,2023,1,4,0,8,15.272864
Northeast,2023,1,4,2,45,33.416786
Northeast,2023,1,6,1,19,23.105091
Northeast,2023,1,3,1,26,17.705574
Northeast,2023,1,2,3,40,31.546087
Northeast,2023,1,5,0,14,13.815721
Northeast,2023,1,1,3,44,32.940083
Northeast,2023,1,6,0,15,17.018309
Northeast,2023,1,1,1,19,17.778421
Northeast,2023,1,4,3,33,32.58735
Northeast,2023,1,1,2,45,31.64093
Northeast,2023,1,5,1,25,20.444592
Northeast,2023,1,4,1,14,21.884369
Northeast,2023,1,1,0,21,17.509977
Northeast,2023,2,7,0,25,16.042616
Northeast,2023,2,4,1,17,18.621563
Northeast,2023,2,5,2,33,29.964834
Northeast,2023,2,4,2,30,30.06363
Northeast,2023,2,1,1,15,16.751303
Northeast,2023,2,6,3,46,34.549244
Northeast,2023,2,3,0,14,12.205684
Northeast,2023,2,4,0,13,11.961558
Northeast,2023,2,2,3,29,30.164087
Northeast,2023,2,2,0,15,13.750829
Northeast,2023,2,1,2,27,29.571257
Northeast,2023,2,1,0,16,16.434357
Northeast,2023,2,2,2,28,30.012299
Northeast,2023,2,3,2,21,29.851809
Northeast,2023,2,7,1,19,18.565691
Northeast,2023,2,2,1,21,19.040596
Northeast,2023,2,5,3,34,30.12043
Northeast,2023,2,6,2,22,33.699425
Northeast,2023,2,3,1,12,18.828201
Northeast,2023,2,5,0,11,11.787773
Northeast,2023,2,7,3,30,35.452675
Northeast,2023,2,4,3,25,30.219225
Northeast,2023,2,1,3,38,30.865501
Northeast,2023,2,3,3,25,30.007404
Northeast,2023,2,6,1,15,19.032982
Northeast,2023,2,5,1,6,18.465143
Northeast,2023,2,7,2,31,33.378304
Northeast,2023,2,6,0,9,12.897697
Northeast,2023,3,6,0,20,12.587489
Northeast,2023,3,4,3,45,33.136765
Northeast,2023,3,5,0,11,12.529082
Northeast,2023,3,3,2,15,32.97712
Northeast,2023,3,6,2,41,33.249737
Northeast,2023,3,2,1,20,20.923964
Northeast,2023,3,3,0,20,14.755817
Northeast,2023,3,7,0,14,13.88027
Northeast,2023,3,1,0,15,16.319845
Northeast,2023,3,6,1,29,18.817097
Northeast,2023,3,5,1,16,19.195602
Northeast,2023,3,2,3,48,32.350193
Northeast,2023,3,5,2,44,31.019875
Northeast,2023,3,2,0,12,15.54229
Northeast,2023,3,3,3,24,32.97588
Northeast,2023,3,4,1,31,21.21266
Northeast,2023,3,5,3,43,31.24779
Northeast,2023,3,7,3,31,32.043167
Northeast,2023,3,7,2,22,30.471727
Northeast,2023,3,1,3,22,30.61225
Northeast,2023,3,4,2,41,33.138
Northeast,2023,3,2,2,22,32.37893
Northeast,2023,3,1,1,15,16.636791
Northeast,2023,3,7,1,27,16.403357
Northeast,2023,3,1,2,36,29.826117
Northeast,2023,3,6,3,41,33.834343
Northeast,2023,3,4,0,8,14.498237
Northeast,2023,3,3,1,18,21.47024
Northeast,2023,4,1,1,28,16.003742
Northeast,2023,4,5,0,12,14.055034
Northeast,2023,4,2,2,29,30.645006
Northeast,2023,4,3,3,32,30.107601
Northeast,2023,4,5,1,23,20.721558
Northeast,2023,4,7,0,19,15.857468
Northeast,2023,4,1,3,35,29.388798
Northeast,2023,4,7,1,26,18.380548
Northeast,2023,4,3,2,26,30.30824
Northeast,2023,4,4,1,15,19.15005
Northeast,2023,4,5,2,33,32.255898
Northeast,2023,4,1,2,37,28.802069
Northeast,2023,4,7,2,27,33.272903
Northeast,2023,4,2,3,35,30.416859
Northeast,2023,4,4,2,29,30.684381
Northeast,2023,4,3,0,14,12.477942
Northeast,2023,4,2,1,26,19.581038
Northeast,2023,4,6,1,21,20.844389
Northeast,2023,4,6,2,34,35.77541
Northeast,2023,4,6,0,15,14.614787
Northeast,2023,4,4,3,32,30.483742
Northeast,2023,4,1,0,25,15.686797
Northeast,2023,4,2,0,19,14.199366
Northeast,2023,4,4,0,7,12.435623
Northeast,2023,4,6,3,37,36.160614
Northeast,2023,4,3,1,20,19.192368
Northeast,2023,4,5,3,35,32.055252
Northeast,2023,4,7,3,41,34.644943
Northeast,2023,5,6,2,27,35.05551
Northeast,2023,5,5,1,16,19.612383
Northeast,2023,5,4,0,13,13.907125
Northeast,2023,5,3,1,22,19.80426
Northeast,2023,5,6,0,8,15.113607
Northeast,2023,5,7,0,8,17.231434
Northeast,2023,5,1,3,25,34.015724
Northeast,2023,5,6,3,37,35.741978
Northeast,2023,5,1,2,28,31.85692
Northeast,2023,5,3,0,10,13.925285
Northeast,2023,5,2,0,15,16.677637
Northeast,2023,5,7,3,31,38.111225
Northeast,2023,5,3,3,44,30.929972
Northeast,2023,5,7,1,17,20.191793
Northeast,2023,5,5,0,10,13.914475
Northeast,2023,5,4,2,52,30.964716
Northeast,2023,5,2,3,39,32.86126
Northeast,2023,5,2,1,27,21.673857
Northeast,2023,5,1,1,12,19.45825
Northeast,2023,5,7,2,33,35.1671
Northeast,2023,5,5,2,28,30.924162
Northeast,2023,5,4,1,14,19.652937
Northeast,2023,5,5,3,34,31.024778
Northeast,2023,5,2,2,38,32.15935
Northeast,2023,5,6,1,13,20.374594
Northeast,2023,5,1,0,16,19.396446
Northeast,2023,5,3,2,31,30.829348
Northeast,2023,5,4,3,29,31.065332
Northeast,2023,6,7,0,20,15.939917
Northeast,2023,6,1,2,24,29.603298
Northeast,2023,6,7,1,15,17.264729
Northeast,2023,6,2,1,16,21.65732
Northeast,2023,6,5,2,44,31.707094
Northeast,2023,6,5,1,24,20.530277
Northeast,2023,6,4,2,30,32.533226
Northeast,2023,6,4,0,15,14.6619
Northeast,2023,6,3,0,13,14.680059
Northeast,2023,6,5,3,38,32.55907
Northeast,2023,6,3,2,31,32.264698
Northeast,2023,6,1,0,14,18.954403
Northeast,2023,6,6,1,16,19.430502
Northeast,2023,6,7,2,22,31.091011
Northeast,2023,6,6,2,35,33.238647
Northeast,2023,6,2,2,26,32.243046
Northeast,2023,6,1,3,32,32.425644
Northeast,2023,6,6,3,47,34.676483
Northeast,2023,6,3,1,17,21.374573
Northeast,2023,6,4,3,24,33.38522
Northeast,2023,6,4,1,17,21.356415
Northeast,2023,6,3,3,31,32.964096
Northeast,2023,6,6,0,15,14.128928
Northeast,2023,6,5,0,16,14.630725
Northeast,2023,6,2,3,27,32.914936
Northeast,2023,6,7,3,37,34.698677
Northeast,2023,6,1,1,15,17.380655
Northeast,2023,6,2,0,15,16.464752
Northeast,2023,7,7,0,16,18.45694
Northeast,2023,7,7,3,36,38.020775
Northeast,2023,7,6,2,32,37.88249
Northeast,2023,7,5,2,21,31.566772
Northeast,2023,7,6,1,15,22.90775
Northeast,2023,7,3,2,36,31.09466
Northeast,2023,7,2,3,38,31.70658
Northeast,2023,7,4,2,26,31.56531
Northeast,2023,7,2,2,49,31.07301
Northeast,2023,7,3,3,32,31.75574
Northeast,2023,7,4,3,26,32.378983
Northeast,2023,7,7,2,39,34.78727
Northeast,2023,7,5,0,19,14.225875
Northeast,2023,7,1,2,32,30.037098
Northeast,2023,7,6,3,32,39.67926
Northeast,2023,7,4,1,18,20.431564
Northeast,2023,7,1,0,25,18.698168
Northeast,2023,7,1,3,39,32.088024
Northeast,2023,7,3,1,17,20.247606
Northeast,2023,7,1,1,26,17.857527
Northeast,2023,7,4,0,11,14.176508
Northeast,2023,7,2,1,23,20.530354
Northeast,2023,7,5,3,25,32.380444
Northeast,2023,7,5,1,16,20.433027
Northeast,2023,7,3,0,8,14.194668
Northeast,2023,7,7,1,20,20.514853
Northeast,2023,7,6,0,14,16.812029
Northeast,2023,7,2,0,21,15.97936
Northeast,2023,8,7,0,28,16.376366
Northeast,2023,8,1,3,40,32.748123
Northeast,2023,8,6,3,51,35.47406
Northeast,2023,8,5,1,20,20.366417
Northeast,2023,8,3,2,44,31.09625
Northeast,2023,8,4,0,14,14.109899
Northeast,2023,8,4,2,28,31.424234
Northeast,2023,8,3,0,17,14.270726
Northeast,2023,8,3,3,49,31.85988
Northeast,2023,8,2,3,25,32.366676
Northeast,2023,8,7,2,30,32.248005
Northeast,2023,8,6,2,38,33.964474
Northeast,2023,8,1,2,23,30.427135
Northeast,2023,8,6,0,26,14.224989
Northeast,2023,8,2,0,13,16.607409
Northeast,2023,8,5,3,44,32.341923
Northeast,2023,8,2,1,13,21.158403
Northeast,2023,8,3,1,14,20.323662
Northeast,2023,8,1,1,15,18.485577
Northeast,2023,8,4,1,22,20.364954
Northeast,2023,8,4,3,47,32.34046
Northeast,2023,8,1,0,15,19.326218
Northeast,2023,8,7,1,24,18.43428
Northeast,2023,8,2,2,29,31.463047
Northeast,2023,8,7,3,35,35.194324
Northeast,2023,8,6,1,21,19.973255
Northeast,2023,8,5,2,41,31.425697
Northeast,2023,8,5,0,16,14.1592655
Northeast,2023,9,7,1,22,17.77591
Northeast,2023,9,2,0,17,15.379298
Northeast,2023,9,4,2,27,31.541399
Northeast,2023,9,3,2,30,30.617151
Northeast,2023,9,2,1,15,20.002726
Northeast,2023,9,5,1,24,20.346622
Northeast,2023,9,6,1,25,20.022217
Northeast,2023,9,4,3,26,32.52414
Northeast,2023,9,5,0,22,14.067034
Northeast,2023,9,4,1,21,20.34516
Northeast,2023,9,6,2,50,34.224888
Northeast,2023,9,3,3,37,31.447296
Northeast,2023,9,5,3,25,32.5256
Northeast,2023,9,7,2,31,31.98037
Northeast,2023,9,6,3,53,35.800987
Northeast,2023,9,7,3,40,34.9932
Northeast,2023,9,4,0,20,14.017667
Northeast,2023,9,1,0,21,18.098104
Northeast,2023,9,5,2,33,31.542862
Northeast,2023,9,1,1,15,17.329899
Northeast,2023,9,2,3,33,31.294683
Northeast,2023,9,3,0,9,13.863124
Northeast,2023,9,1,2,26,29.428627
Northeast,2023,9,6,0,15,14.201514
Northeast,2023,9,7,0,25,15.645558
Northeast,2023,9,2,2,27,30.464539
Northeast,2023,9,3,1,18,19.988497
Northeast,2023,9,1,3,39,31.676134
Northeast,2023,10,4,0,9,13.386231
Northeast,2023,10,6,2,27,37.741287
Northeast,2023,10,2,1,20,19.699717
Northeast,2023,10,6,1,18,22.28851
Northeast,2023,10,5,3,32,32.009117
Northeast,2023,10,7,0,27,18.437485
Northeast,2023,10,3,1,33,19.449533
Northeast,2023,10,7,3,46,40.868847
Northeast,2023,10,1,2,38,30.362751
Northeast,2023,10,7,2,32,36.33413
Northeast,2023,10,6,0,15,16.377237
Northeast,2023,10,7,1,15,20.6584
Northeast,2023,10,3,0,14,13.410841
Northeast,2023,10,3,2,40,30.02317
Northeast,2023,10,2,2,35,30.106512
Northeast,2023,10,4,2,30,30.768263
Northeast,2023,10,4,3,27,31.69772
Northeast,2023,10,1,0,23,19.834942
Northeast,2023,10,1,3,43,32.937244
Northeast,2023,10,1,1,17,18.31904
Northeast,2023,10,3,3,39,30.800035
Northeast,2023,10,5,0,13,13.745536
Northeast,2023,10,6,3,33,40.459007
Northeast,2023,10,2,3,47,30.883377
Northeast,2023,10,2,0,25,15.162972
Northeast,2023,10,5,2,32,31.079662
Northeast,2023,10,5,1,15,19.93844
Northeast,2023,10,4,1,15,19.62704
Northeast,2023,11,5,1,27,19.69835
Northeast,2023,11,4,1,31,20.284966
Northeast,2023,11,7,2,42,30.033077
Northeast,2023,11,2,1,22,20.559797
Northeast,2023,11,4,2,36,31.699583
Northeast,2023,11,3,0,14,14.268845
Northeast,2023,11,2,3,17,31.764738
Northeast,2023,11,7,3,56,31.913572
Northeast,2023,11,1,2,30,29.977705
Northeast,2023,11,4,3,31,32.334347
Northeast,2023,11,2,0,10,15.823254
Northeast,2023,11,6,2,25,32.74095
Northeast,2023,11,6,3,34,33.96908
Northeast,2023,11,5,3,34,31.747736
Northeast,2023,11,5,2,26,31.112968
Northeast,2023,11,1,1,14,17.46058
Northeast,2023,11,4,0,32,13.844356
Northeast,2023,11,7,0,16,14.606598
Northeast,2023,11,7,1,14,17.016293
Northeast,2023,11,1,0,13,18.190527
Northeast,2023,11,3,2,27,31.35437
Northeast,2023,11,2,2,27,31.282562
Northeast,2023,11,3,3,28,31.836546
Northeast,2023,11,3,1,11,20.507338
Northeast,2023,11,6,0,13,13.431484
Northeast,2023,11,1,3,35,31.092878
Northeast,2023,11,5,0,13,13.3845825
Northeast,2023,11,6,1,20,19.252186
Northeast,2023,12,6,3,35,39.223373
Northeast,2023,12,7,3,51,34.948982
Northeast,2023,12,2,3,32,29.143328
Northeast,2023,12,4,2,32,36.14152
Northeast,2023,12,1,2,28,27.16022
Northeast,2023,12,5,1,21,21.435318
Northeast,2023,12,3,0,15,13.684833
Northeast,2023,12,7,2,45,33.560413
Northeast,2023,12,2,1,18,19.434214
Northeast,2023,12,6,1,16,21.052553
Northeast,2023,12,5,2,32,36.166126
Northeast,2023,12,5,3,26,36.324646
Northeast,2023,12,1,1,16,16.08015
Northeast,2023,12,4,3,30,36.30004
Northeast,2023,12,3,1,23,19.923323
Northeast,2023,12,4,1,9,21.410715
Northeast,2023,12,7,1,24,17.93734
Northeast,2023,12,6,2,44,38.47149
Northeast,2023,12,1,3,38,27.86809
Northeast,2023,12,2,2,28,29.052765
Northeast,2023,12,3,2,36,30.084578
Northeast,2023,12,2,0,12,13.597365
Northeast,2023,12,7,0,23,15.527643
Northeast,2023,12,5,0,12,15.121554
Northeast,2023,12,6,0,19,15.231849
Northeast,2023,12,3,3,36,30.25835
Northeast,2023,12,1,0,12,15.20366
Northeast,2023,12,4,0,20,14.970111
Olympic,2023,1,1,3,61,37.48752
Olympic,2023,1,7,1,17,24.06724
Olympic,2023,1,7,0,15,23.796183
Olympic,2023,1,6,1,25,26.090145
Olympic,2023,1,7,3,48,42.419445
Olympic,2023,1,5,1,26,23.673796
Olympic,2023,1,5,2,46,35.1315
Olympic,2023,1,1,0,42,22.304564
Olympic,2023,1,4,3,36,35.8903
Olympic,2023,1,3,2,40,33.167984
Olympic,2023,1,6,0,16,19.538656
Olympic,2023,1,2,3,45,35.517464
Olympic,2023,1,3,0,13,14.211404
Olympic,2023,1,4,1,20,24.620895
Olympic,2023,1,4,2,35,36.020977
Olympic,2023,1,3,3,54,33.96394
Olympic,2023,1,1,1,24,20.407427
Olympic,2023,1,4,0,16,17.315239
Olympic,2023,1,1,2,47,34.025497
Olympic,2023,1,7,2,33,37.815372
Olympic,2023,1,2,2,53,34.752342
Olympic,2023,1,6,2,44,41.230095
Olympic,2023,1,5,0,17,16.452911
Olympic,2023,1,2,0,22,16.67701
Olympic,2023,1,5,3,41,36.706036
Olympic,2023,1,3,1,23,21.479567
Olympic,2023,1,6,3,47,43.30262
Olympic,2023,1,2,1,20,23.064325
Olympic,2023,2,7,0,19,22.009138
Olympic,2023,2,3,0,29,14.893479
Olympic,2023,2,6,0,19,16.62834
Olympic,2023,2,4,1,28,22.548832
Olympic,2023,2,6,1,23,23.152266
Olympic,2023,2,2,3,30,34.55525
Olympic,2023,2,5,0,15,15.264832
Olympic,2023,2,7,3,33,40.59718
Olympic,2023,2,1,2,21,32.808426
Olympic,2023,2,4,3,27,34.51522
Olympic,2023,2,7,2,21,36.046997
Olympic,2023,2,6,3,42,39.419308
Olympic,2023,2,3,1,25,22.13408
Olympic,2023,2,6,2,50,37.45048
Olympic,2023,2,1,1,16,20.180859
Olympic,2023,2,2,0,22,16.478558
Olympic,2023,2,5,3,49,34.679718
Olympic,2023,2,2,1,24,22.83831
Olympic,2023,2,4,0,14,15.270739
Olympic,2023,2,1,0,28,22.105558
Olympic,2023,2,2,2,38,33.980858
Olympic,2023,2,3,3,32,34.100323
Olympic,2023,2,4,2,47,33.847984
Olympic,2023,2,3,2,29,33.4951
Olympic,2023,2,5,2,58,33.81493
Olympic,2023,2,7,1,22,22.252632
Olympic,2023,2,1,3,30,36.085434
Olympic,2023,2,5,1,20,22.458155
Olympic,2023,3,1,2,39,33.77702
Olympic,2023,3,3,3,44,37.997414
Olympic,2023,3,6,1,28,22.572495
Olympic,2023,3,4,3,34,38.36137
Olympic,2023,3,7,2,47,33.19512
Olympic,2023,3,6,3,51,38.643505
Olympic,2023,3,2,0,22,18.095171
Olympic,2023,3,5,0,21,15.833415
Olympic,2023,3,5,2,41,35.553356
Olympic,2023,3,3,0,17,17.328636
Olympic,2023,3,1,0,19,21.859913
Olympic,2023,3,6,0,20,16.084507
Olympic,2023,3,4,0,20,17.692444
Olympic,2023,3,3,2,37,37.36154
Olympic,2023,3,2,2,26,37.028755
Olympic,2023,3,6,2,55,36.752403
Olympic,2023,3,7,0,23,19.786009
Olympic,2023,3,5,3,38,36.677948
Olympic,2023,3,5,1,30,22.885632
Olympic,2023,3,7,1,21,20.029505
Olympic,2023,3,4,1,37,24.894695
Olympic,2023,3,1,3,32,36.55943
Olympic,2023,3,2,1,30,24.41657
Olympic,2023,3,2,3,38,37.610096
Olympic,2023,3,1,1,13,19.935213
Olympic,2023,3,7,3,43,37.12677
Olympic,2023,3,4,2,53,37.66348
Olympic,2023,3,3,1,21,24.530886
Olympic,2023,4,7,0,21,21.69965
Olympic,2023,4,3,2,49,34.51118
Olympic,2023,4,5,3,36,37.50332
Olympic,2023,4,6,1,48,24.536236
Olympic,2023,4,6,3,44,41.105625
Olympic,2023,4,3,3,36,35.14706
Olympic,2023,4,7,2,42,35.932747
Olympic,2023,4,6,0,14,18.04825
Olympic,2023,4,1,1,43,19.238611
Olympic,2023,4,5,0,20,17.295822
Olympic,2023,4,2,3,36,35.694695
Olympic,2023,4,4,3,50,35.726273
Olympic,2023,4,4,0,14,15.566272
Olympic,2023,4,1,2,43,32.571487
Olympic,2023,4,2,1,37,23.010092
Olympic,2023,4,2,0,20,16.688692
Olympic,2023,4,5,1,38,24.348032
Olympic,2023,4,7,3,46,39.864395
Olympic,2023,4,4,1,39,22.768532
Olympic,2023,4,1,0,28,21.163311
Olympic,2023,4,7,1,34,21.943144
Olympic,2023,4,2,2,42,35.113346
Olympic,2023,4,6,2,65,39.214523
Olympic,2023,4,1,3,55,35.353897
Olympic,2023,4,3,1,45,22.18946
Olympic,2023,4,5,2,38,36.607876
Olympic,2023,4,3,0,12,14.987207
Olympic,2023,4,4,2,46,35.02838
Olympic,2023,5,4,2,46,35.41889
Olympic,2023,5,7,3,26,44.386585
Olympic,2023,5,5,0,15,17.703451
Olympic,2023,5,2,0,30,20.075804
Olympic,2023,5,3,0,22,17.278765
Olympic,2023,5,6,1,31,24.414759
Olympic,2023,5,1,1,20,23.610344
Olympic,2023,5,7,1,19,24.409649
Olympic,2023,5,5,1,21,23.587172
Olympic,2023,5,7,0,19,23.777924
Olympic,2023,5,2,1,27,25.713194
Olympic,2023,5,5,2,37,35.420353
Olympic,2023,5,1,2,45,36.079414
Olympic,2023,5,2,3,43,38.591835
Olympic,2023,5,5,3,33,36.575783
Olympic,2023,5,1,0,33,25.937922
Olympic,2023,5,3,1,24,23.445692
Olympic,2023,5,3,3,45,36.24414
Olympic,2023,5,3,2,39,35.147083
Olympic,2023,5,4,1,43,23.58571
Olympic,2023,5,6,2,34,38.811466
Olympic,2023,5,7,2,24,38.205414
Olympic,2023,5,6,0,11,19.095259
Olympic,2023,5,4,0,14,17.551947
Olympic,2023,5,2,2,44,36.92051
Olympic,2023,5,1,3,31,41.562546
Olympic,2023,5,4,3,36,36.487236
Olympic,2023,5,6,3,49,41.118065
Olympic,2023,6,6,2,48,36.88814
Olympic,2023,6,1,2,32,33.87796
Olympic,2023,6,2,1,26,25.588837
Olympic,2023,6,6,3,53,40.150223
Olympic,2023,6,6,1,30,23.3642
Olympic,2023,6,7,2,24,34.18285
Olympic,2023,6,1,3,34,39.68226
Olympic,2023,6,4,3,47,39.20174
Olympic,2023,6,4,1,26,25.289186
Olympic,2023,6,1,0,18,25.388058
Olympic,2023,6,5,0,22,18.79582
Olympic,2023,6,5,1,42,24.54359
Olympic,2023,6,3,2,29,36.582436
Olympic,2023,6,3,3,35,38.672882
Olympic,2023,6,7,3,40,40.681232
Olympic,2023,6,6,0,16,18.341707
Olympic,2023,6,5,2,36,36.241802
Olympic,2023,6,1,1,25,21.308657
Olympic,2023,6,7,1,24,21.259846
Olympic,2023,6,5,3,51,38.456135
Olympic,2023,6,2,0,17,20.092695
Olympic,2023,6,2,3,35,38.932304
Olympic,2023,6,3,0,13,18.371134
Olympic,2023,6,4,2,29,36.987408
Olympic,2023,6,2,2,42,36.89639
Olympic,2023,6,7,0,27,22.379944
Olympic,2023,6,4,0,17,18.644316
Olympic,2023,6,3,1,22,25.016005
Olympic,2023,7,2,1,38,24.455545
Olympic,2023,7,6,2,31,41.668392
Olympic,2023,7,1,2,19,34.298084
Olympic,2023,7,2,2,64,35.712677
Olympic,2023,7,6,3,44,46.36474
Olympic,2023,7,4,0,16,18.262918
Olympic,2023,7,3,1,25,23.993036
Olympic,2023,7,5,0,22,18.414423
Olympic,2023,7,2,3,29,38.39732
Olympic,2023,7,4,1,17,24.468334
Olympic,2023,7,3,3,32,38.22119
Olympic,2023,7,4,2,45,36.266262
Olympic,2023,7,2,0,33,19.600977
Olympic,2023,7,7,2,44,38.14726
Olympic,2023,7,7,0,36,25.16581
Olympic,2023,7,5,2,32,36.267723
Olympic,2023,7,1,1,22,21.779203
Olympic,2023,7,1,3,40,39.74155
Olympic,2023,7,3,0,13,17.989737
Olympic,2023,7,3,2,28,35.509037
Olympic,2023,7,7,1,22,24.778818
Olympic,2023,7,5,1,22,24.469797
Olympic,2023,7,1,0,31,25.125498
Olympic,2023,7,5,3,49,39.103764
Olympic,2023,7,6,0,15,21.293653
Olympic,2023,7,7,3,50,45.346806
Olympic,2023,7,6,1,26,27.110294
Olympic,2023,7,4,3,39,39.102303
Olympic,2023,8,1,3,53,41.166893
Olympic,2023,8,6,0,19,18.75885
Olympic,2023,8,5,1,31,24.539606
Olympic,2023,8,3,3,49,38.514397
Olympic,2023,8,4,2,40,36.283596
Olympic,2023,8,5,3,51,39.2543
Olympic,2023,8,5,0,29,18.484232
Olympic,2023,8,6,3,48,42.300915
Olympic,2023,8,2,3,38,39.822662
Olympic,2023,8,2,1,24,26.347471
Olympic,2023,8,3,1,40,24.23422
Olympic,2023,8,1,1,17,23.67113
Olympic,2023,8,7,1,21,22.750479
Olympic,2023,8,1,0,23,27.017424
Olympic,2023,8,7,3,47,42.66173
Olympic,2023,8,4,1,27,24.538143
Olympic,2023,8,3,2,45,35.69775
Olympic,2023,8,2,0,14,21.492903
Olympic,2023,8,4,0,23,18.332727
Olympic,2023,8,2,2,35,37.38858
Olympic,2023,8,4,3,52,39.25284
Olympic,2023,8,6,2,53,37.824596
Olympic,2023,8,6,1,29,24.228035
Olympic,2023,8,7,0,22,23.13747
Olympic,2023,8,3,0,26,18.23092
Olympic,2023,8,5,2,42,36.285057
Olympic,2023,8,1,2,33,35.973988
Olympic,2023,8,7,2,35,35.682213
Olympic,2023,9,2,2,21,35.58009
Olympic,2023,9,5,0,12,18.552984
Olympic,2023,9,5,1,30,24.64171
Olympic,2023,9,4,0,23,18.40148
Olympic,2023,9,7,0,39,22.106215
Olympic,2023,9,7,2,37,34.992752
Olympic,2023,9,7,3,40,42.22929
Olympic,2023,9,2,1,23,24.324444
Olympic,2023,9,1,3,25,39.74191
Olympic,2023,9,3,0,15,17.984303
Olympic,2023,9,3,1,18,24.020954
Olympic,2023,9,6,1,24,24.398895
Olympic,2023,9,5,2,23,36.441833
Olympic,2023,9,6,2,34,38.124622
Olympic,2023,9,4,2,43,36.440372
Olympic,2023,9,2,3,30,38.39768
Olympic,2023,9,3,2,27,35.4651
Olympic,2023,9,4,3,36,39.436516
Olympic,2023,9,1,1,18,21.417984
Olympic,2023,9,6,0,33,18.896358
Olympic,2023,9,3,3,43,38.308647
Olympic,2023,9,1,0,25,24.730927
Olympic,2023,9,7,1,26,21.752575
Olympic,2023,9,1,2,39,33.93538
Olympic,2023,9,4,1,20,24.640247
Olympic,2023,9,6,3,60,42.627842
Olympic,2023,9,2,0,15,19.436523
Olympic,2023,9,5,3,40,39.437977
Olympic,2023,10,4,2,38,35.517532
Olympic,2023,10,7,2,23,40.83662
Olympic,2023,10,5,2,28,35.82893
Olympic,2023,10,1,0,31,26.548183
Olympic,2023,10,6,0,17,21.706255
Olympic,2023,10,7,3,48,49.091335
Olympic,2023,10,1,2,46,34.94993
Olympic,2023,10,3,2,39,34.721413
Olympic,2023,10,6,3,29,47.830494
Olympic,2023,10,1,1,16,22.487545
Olympic,2023,10,7,0,24,26.204191
Olympic,2023,10,5,3,37,38.809307
Olympic,2023,10,5,1,33,24.08383
Olympic,2023,10,5,0,19,18.081787
Olympic,2023,10,3,1,30,23.332293
Olympic,2023,10,4,3,36,38.49791
Olympic,2023,10,2,1,30,23.871737
Olympic,2023,10,2,2,47,35.07236
Olympic,2023,10,7,1,30,25.941116
Olympic,2023,10,4,1,30,23.77243
Olympic,2023,10,2,0,23,19.0705
Olympic,2023,10,3,3,62,37.549194
Olympic,2023,10,2,3,45,37.874184
Olympic,2023,10,1,3,45,40.89084
Olympic,2023,10,6,2,44,42.459244
Olympic,2023,10,4,0,21,17.620346
Olympic,2023,10,6,1,27,27.299356
Olympic,2023,10,3,0,24,17.382324
Olympic,2023,11,6,0,24,16.265442
Olympic,2023,11,2,2,22,36.250042
Olympic,2023,11,7,1,21,19.53082
Olympic,2023,11,3,3,28,39.056423
Olympic,2023,11,1,2,29,33.8324
Olympic,2023,11,7,2,28,32.13366
Olympic,2023,11,3,0,13,17.825737
Olympic,2023,11,5,0,17,16.266396
Olympic,2023,11,2,1,36,24.550163
Olympic,2023,11,4,2,46,36.200855
Olympic,2023,11,6,3,42,39.978107
Olympic,2023,11,6,2,51,35.566357
Olympic,2023,11,3,2,31,36.304344
Olympic,2023,11,2,0,9,19.066092
Olympic,2023,11,4,0,19,17.16415
Olympic,2023,11,1,3,45,39.07476
Olympic,2023,11,1,0,23,24.046047
Olympic,2023,11,3,1,28,24.458538
Olympic,2023,11,5,1,34,22.872335
Olympic,2023,11,2,3,36,38.976162
Olympic,2023,11,1,1,23,20.925917
Olympic,2023,11,4,3,43,39.10553
Olympic,2023,11,7,0,25,19.75326
Olympic,2023,11,5,3,39,38.075157
Olympic,2023,11,7,3,48,38.806026
Olympic,2023,11,6,1,36,21.948326
Olympic,2023,11,4,1,27,23.999067
Olympic,2023,11,5,2,52,35.170483
Olympic,2023,12,2,1,23,21.969923
Olympic,2023,12,3,1,22,22.88545
Olympic,2023,12,4,2,36,37.91303
Olympic,2023,12,4,0,21,17.867628
Olympic,2023,12,1,3,49,35.190334
Olympic,2023,12,3,2,43,33.735806
Olympic,2023,12,5,3,49,40.776207
Olympic,2023,12,4,1,21,24.619402
Olympic,2023,12,6,3,48,45.059406
Olympic,2023,12,5,1,28,24.547642
Olympic,2023,12,1,0,38,19.777678
Olympic,2023,12,3,3,41,36.421783
Olympic,2023,12,5,2,28,37.937634
Olympic,2023,12,2,2,33,33.20403
Olympic,2023,12,7,2,42,35.92994
Olympic,2023,12,1,2,31,30.723877
Olympic,2023,12,6,1,27,24.492577
Olympic,2023,12,5,0,23,18.024849
Olympic,2023,12,7,1,37,21.310995
Olympic,2023,12,7,3,54,42.18767
Olympic,2023,12,6,2,53,40.713757
Olympic,2023,12,2,0,17,15.604129
Olympic,2023,12,4,3,51,40.751602
Olympic,2023,12,3,0,18,16.335794
Olympic,2023,12,2,3,42,36.106594
Olympic,2023,12,1,1,28,18.28317
Olympic,2023,12,7,0,23,21.313889
Olympic,2023,12,6,0,14,18.590149
Pacific,2023,1,7,2,39,43.383335
Pacific,2023,1,7,0,23,25.342981
Pacific,2023,1,4,0,20,19.071001
Pacific,2023,1,3,2,59,39.349464
Pacific,2023,1,1,2,54,41.748547
Pacific,2023,1,3,3,52,39.01124
Pacific,2023,1,5,0,16,18.504627
Pacific,2023,1,7,3,40,44.683052
Pacific,2023,1,3,0,19,16.587519
Pacific,2023,1,1,3,42,44.163837
Pacific,2023,1,7,1,26,26.412226
Pacific,2023,1,5,3,42,41.604904
Pacific,2023,1,6,3,50,45.387276
Pacific,2023,1,4,3,45,40.78917
Pacific,2023,1,6,0,19,21.003027
Pacific,2023,1,4,1,30,25.861235
Pacific,2023,1,4,2,35,41.782307
Pacific,2023,1,2,0,27,19.111917
Pacific,2023,1,2,3,51,41.84927
Pacific,2023,1,2,1,31,25.002092
Pacific,2023,1,6,1,29,27.56944
Pacific,2023,1,1,1,34,23.173288
Pacific,2023,1,3,1,30,23.340265
Pacific,2023,1,5,1,23,25.38361
Pacific,2023,1,1,0,36,24.95736
Pacific,2023,1,2,2,58,42.04408
Pacific,2023,1,5,2,33,41.362305
Pacific,2023,1,6,2,33,45.809135
Pacific,2023,2,6,3,38,43.0105
Pacific,2023,2,5,1,32,24.456797
Pacific,2023,2,7,2,50,42.460552
Pacific,2023,2,6,2,43,43.27954
Pacific,2023,2,1,1,21,23.344778
Pacific,2023,2,2,0,27,19.047983
Pacific,2023,2,6,1,31,25.579493
Pacific,2023,2,4,3,52,39.38804
Pacific,2023,2,1,3,54,42.550648
Pacific,2023,2,2,2,39,40.244522
Pacific,2023,2,1,0,20,25.128849
Pacific,2023,2,5,3,38,39.552536
Pacific,2023,2,3,3,33,38.815273
Pacific,2023,2,1,2,46,40.063847
Pacific,2023,2,5,0,16,17.532022
Pacific,2023,2,5,2,46,39.763165
Pacific,2023,2,2,3,29,40.115498
Pacific,2023,2,6,0,10,18.967287
Pacific,2023,2,3,2,51,39.087715
Pacific,2023,2,7,3,41,43.9629
Pacific,2023,2,4,2,48,39.79622
Pacific,2023,2,4,1,23,24.547474
Pacific,2023,2,7,0,21,24.572382
Pacific,2023,2,7,1,24,25.641626
Pacific,2023,2,4,0,13,17.711449
Pacific,2023,2,3,0,19,17.334188
Pacific,2023,2,2,1,26,24.98395
Pacific,2023,2,3,1,25,24.132727
Pacific,2023,3,5,0,19,18.066782
Pacific,2023,3,4,1,38,26.989769
Pacific,2023,3,6,2,51,43.441315
Pacific,2023,3,5,3,46,41.39182
Pacific,2023,3,1,0,21,25.087835
Pacific,2023,3,5,1,19,24.980703
Pacific,2023,3,7,2,38,40.46853
Pacific,2023,3,6,0,21,18.888933
Pacific,2023,3,4,0,25,20.099327
Pacific,2023,3,7,1,31,24.01423
Pacific,2023,3,2,2,50,42.809273
Pacific,2023,3,6,3,52,42.83043
Pacific,2023,3,2,3,52,42.248833
Pacific,2023,3,3,2,40,43.05933
Pacific,2023,3,3,0,22,19.73552
Pacific,2023,3,3,1,23,26.62596
Pacific,2023,3,6,1,35,25.595455
Pacific,2023,3,4,3,44,43.07524
Pacific,2023,3,3,3,43,42.55342
Pacific,2023,3,1,3,47,41.955074
Pacific,2023,3,7,3,55,41.08822
Pacific,2023,3,5,2,44,41.606766
Pacific,2023,3,7,0,30,22.944988
Pacific,2023,3,4,2,54,43.71689
Pacific,2023,3,1,2,33,40.75603
Pacific,2023,3,1,1,28,23.303764
Pacific,2023,3,2,1,29,26.560102
Pacific,2023,3,2,0,18,20.532232
Pacific,2023,4,1,0,39,24.475773
Pacific,2023,4,5,1,28,26.479628
Pacific,2023,4,3,1,21,24.321056
Pacific,2023,4,6,1,26,26.999985
Pacific,2023,4,1,2,61,39.41359
Pacific,2023,4,5,2,52,42.52437
Pacific,2023,4,6,2,61,45.307705
Pacific,2023,4,1,1,31,22.57273
Pacific,2023,4,3,0,16,17.430616
Pacific,2023,4,7,2,59,42.610424
Pacific,2023,4,6,3,52,44.69682
Pacific,2023,4,2,3,54,40.196514
Pacific,2023,4,4,3,35,40.303226
Pacific,2023,4,3,2,48,40.072052
Pacific,2023,4,2,0,24,19.162275
Pacific,2023,4,5,0,24,19.565706
Pacific,2023,4,1,3,61,40.612633
Pacific,2023,4,2,1,31,25.190145
Pacific,2023,4,4,1,33,24.900127
Pacific,2023,4,2,2,38,40.756947
Pacific,2023,4,7,1,24,25.297705
Pacific,2023,4,3,3,42,39.56615
Pacific,2023,4,7,0,26,24.347433
Pacific,2023,4,5,3,50,42.080273
Pacific,2023,4,7,3,51,43.230114
Pacific,2023,4,6,0,13,20.293463
Pacific,2023,4,4,0,22,18.009686
Pacific,2023,4,4,2,55,40.944874
Pacific,2023,5,2,2,59,42.94708
Pacific,2023,5,1,1,15,27.200647
Pacific,2023,5,6,1,33,26.66781
Pacific,2023,5,3,1,28,25.536015
Pacific,2023,5,4,3,49,41.592297
Pacific,2023,5,4,0,28,19.655127
Pacific,2023,5,3,2,58,41.090923
Pacific,2023,5,6,0,17,20.830826
Pacific,2023,5,5,3,35,41.680843
Pacific,2023,5,7,0,27,25.916065
Pacific,2023,5,3,0,10,19.381945
Pacific,2023,5,4,2,55,41.675167
Pacific,2023,5,5,1,23,25.677496
Pacific,2023,5,1,2,39,43.04166
Pacific,2023,5,7,2,46,44.673187
Pacific,2023,5,6,3,57,44.950504
Pacific,2023,5,2,3,48,43.664948
Pacific,2023,5,6,2,49,44.95757
Pacific,2023,5,7,3,30,47.730724
Pacific,2023,5,1,3,27,47.12975
Pacific,2023,5,3,3,56,41.234524
Pacific,2023,5,5,0,22,19.63311
Pacific,2023,5,2,1,40,28.205046
Pacific,2023,5,2,0,22,22.571795
Pacific,2023,5,7,1,20,27.553514
Pacific,2023,5,4,1,31,25.676031
Pacific,2023,5,5,2,47,41.67663
Pacific,2023,5,1,0,26,28.693953
Pacific,2023,6,2,0,19,22.588688
Pacific,2023,6,6,3,56,43.982662
Pacific,2023,6,1,1,23,24.89896
Pacific,2023,6,4,2,48,43.63588
Pacific,2023,6,6,1,38,25.617256
Pacific,2023,6,1,0,19,28.144089
Pacific,2023,6,5,2,70,42.890274
Pacific,2023,6,5,1,33,26.633913
Pacific,2023,6,5,0,30,20.725481
Pacific,2023,6,7,2,54,40.650623
Pacific,2023,6,6,2,68,43.034245
Pacific,2023,6,2,2,30,43.17402
Pacific,2023,6,7,1,27,24.403711
Pacific,2023,6,3,3,51,43.914326
Pacific,2023,6,2,3,37,44.256477
Pacific,2023,6,3,2,40,42.777336
Pacific,2023,6,4,0,16,20.747498
Pacific,2023,6,4,3,41,44.699
Pacific,2023,6,5,3,62,43.953396
Pacific,2023,6,4,1,44,27.379509
Pacific,2023,6,1,2,44,40.757122
Pacific,2023,6,7,3,39,44.02537
Pacific,2023,6,3,0,14,20.474316
Pacific,2023,6,1,3,44,45.166378
Pacific,2023,6,3,1,35,27.106327
Pacific,2023,6,7,0,30,24.518085
Pacific,2023,6,2,1,29,28.080688
Pacific,2023,6,6,0,31,20.077276
Pacific,2023,7,6,3,34,50.618263
Pacific,2023,7,4,3,47,45.02065
Pacific,2023,7,7,0,26,28.810257
Pacific,2023,7,3,1,26,27.556759
Pacific,2023,7,3,2,31,41.77918
Pacific,2023,7,3,0,17,21.254663
Pacific,2023,7,1,3,51,45.033485
Pacific,2023,7,1,2,68,41.252487
Pacific,2023,7,2,3,66,43.52931
Pacific,2023,7,6,2,58,48.50301
Pacific,2023,7,1,1,34,26.53293
Pacific,2023,7,2,2,63,42.065548
Pacific,2023,7,7,1,38,29.653189
Pacific,2023,7,3,3,39,43.27045
Pacific,2023,7,6,1,36,31.181313
Pacific,2023,7,6,0,15,24.53553
Pacific,2023,7,2,1,49,28.19828
Pacific,2023,7,4,0,18,21.527845
Pacific,2023,7,5,0,21,21.505829
Pacific,2023,7,4,1,26,28.032057
Pacific,2023,7,1,0,24,28.409754
Pacific,2023,7,5,2,39,43.60471
Pacific,2023,7,5,1,37,28.03352
Pacific,2023,7,5,3,56,45.02211
Pacific,2023,7,2,0,23,22.625195
Pacific,2023,7,7,3,60,49.435566
Pacific,2023,7,4,2,46,43.60325
Pacific,2023,7,7,2,66,45.627083
Pacific,2023,8,7,0,17,27.226225
Pacific,2023,8,3,0,28,21.714714
Pacific,2023,8,6,1,22,28.74336
Pacific,2023,8,6,3,49,46.31524
Pacific,2023,8,5,1,53,28.376968
Pacific,2023,8,5,0,25,21.794504
Pacific,2023,8,7,2,52,43.13382
Pacific,2023,8,7,1,22,28.069157
Pacific,2023,8,4,1,40,28.375505
Pacific,2023,8,2,1,29,30.363846
Pacific,2023,8,6,0,22,22.390259
Pacific,2023,8,2,3,35,45.4313
Pacific,2023,8,1,2,41,43.40505
Pacific,2023,8,1,1,27,28.698496
Pacific,2023,8,6,2,50,44.420013
Pacific,2023,8,4,3,53,44.9723
Pacific,2023,8,3,1,36,28.071583
Pacific,2023,8,2,2,34,44.2181
Pacific,2023,8,3,3,53,44.040306
Pacific,2023,8,1,3,46,46.935486
Pacific,2023,8,5,2,64,43.42316
Pacific,2023,8,1,0,18,30.57532
Pacific,2023,8,4,2,51,43.4217
Pacific,2023,8,7,3,42,46.722275
Pacific,2023,8,5,3,62,44.973763
Pacific,2023,8,4,0,17,21.81652
Pacific,2023,8,3,2,43,42.444542
Pacific,2023,8,2,0,25,24.735987
Pacific,2023,9,4,0,14,21.13198
Pacific,2023,9,4,1,40,27.736446
Pacific,2023,9,3,3,46,43.440918
Pacific,2023,9,2,0,31,21.787457
Pacific,2023,9,3,1,28,27.117153
Pacific,2023,9,7,0,28,25.289625
Pacific,2023,9,5,2,45,43.01249
Pacific,2023,9,2,1,47,27.378069
Pacific,2023,9,7,2,60,41.85642
Pacific,2023,9,1,1,30,25.343422
Pacific,2023,9,4,3,40,44.76234
Pacific,2023,9,1,0,19,27.396671
Pacific,2023,9,5,1,23,27.73791
Pacific,2023,9,6,1,44,28.021004
Pacific,2023,9,6,2,64,44.27128
Pacific,2023,9,7,3,64,45.8757
Pacific,2023,9,2,2,56,41.759434
Pacific,2023,9,3,0,22,20.714804
Pacific,2023,9,6,0,28,21.622423
Pacific,2023,9,2,3,49,43.52995
Pacific,2023,9,5,3,50,44.7638
Pacific,2023,9,1,3,40,44.89495
Pacific,2023,9,3,2,40,41.644444
Pacific,2023,9,7,1,39,26.038857
Pacific,2023,9,6,3,64,46.367214
Pacific,2023,9,1,2,36,40.57708
Pacific,2023,9,4,2,38,43.01103
Pacific,2023,9,5,0,18,21.109964
Pacific,2023,10,6,2,39,47.625237
Pacific,2023,10,6,3,37,50.589203
Pacific,2023,10,5,3,41,44.13513
Pacific,2023,10,3,3,48,42.681465
Pacific,2023,10,3,2,54,40.900757
Pacific,2023,10,5,0,13,20.638767
Pacific,2023,10,1,2,57,41.90162
Pacific,2023,10,3,1,29,26.428492
Pacific,2023,10,4,1,41,26.86863
Pacific,2023,10,7,2,41,47.029613
Pacific,2023,10,7,3,41,52.067074
Pacific,2023,10,4,2,59,42.08819
Pacific,2023,10,7,0,25,29.216934
Pacific,2023,10,5,1,30,27.180029
Pacific,2023,10,4,3,37,43.823734
Pacific,2023,10,1,3,49,46.35387
Pacific,2023,10,2,3,60,43.006454
Pacific,2023,10,7,1,27,30.366724
Pacific,2023,10,2,1,31,26.925362
Pacific,2023,10,4,0,20,20.350847
Pacific,2023,10,2,0,22,21.421432
Pacific,2023,10,2,2,64,41.251705
Pacific,2023,10,1,1,53,26.722977
Pacific,2023,10,1,0,49,29.088224
Pacific,2023,10,3,0,28,20.112825
Pacific,2023,10,6,1,32,30.750797
Pacific,2023,10,6,0,17,24.261652
Pacific,2023,10,5,2,46,42.399586
Pacific,2023,11,5,1,35,25.673357
Pacific,2023,11,1,2,47,40.19972
Pacific,2023,11,7,2,52,37.20065
Pacific,2023,11,5,2,60,41.117863
Pacific,2023,11,2,3,35,44.036724
Pacific,2023,11,1,1,22,24.833893
Pacific,2023,11,3,2,48,42.29533
Pacific,2023,11,2,1,35,27.514906
Pacific,2023,11,4,3,58,44.08845
Pacific,2023,11,2,2,34,42.241028
Pacific,2023,11,7,3,52,40.77241
Pacific,2023,11,3,0,19,20.42478
Pacific,2023,11,6,0,17,18.51377
Pacific,2023,11,2,0,21,21.32814
Pacific,2023,11,7,0,29,22.56611
Pacific,2023,11,6,2,62,40.72436
Pacific,2023,11,4,2,69,42.31196
Pacific,2023,11,6,3,34,42.845478
Pacific,2023,11,4,1,27,26.96381
Pacific,2023,11,4,0,21,19.763193
Pacific,2023,11,1,0,15,26.68697
Pacific,2023,11,1,3,35,44.07007
Pacific,2023,11,3,1,36,27.42328
Pacific,2023,11,3,3,30,44.116985
Pacific,2023,11,6,1,31,25.092697
Pacific,2023,11,5,3,42,42.894356
Pacific,2023,11,7,1,23,23.3282
Pacific,2023,11,5,0,24,18.528196
Pacific,2023,12,7,0,30,23.384693
Pacific,2023,12,4,0,17,19.963514
Pacific,2023,12,6,2,56,45.63452
Pacific,2023,12,6,1,29,27.716227
Pacific,2023,12,1,1,34,20.468115
Pacific,2023,12,2,3,47,40.12836
Pacific,2023,12,3,1,26,24.602257
Pacific,2023,12,1,3,54,38.46694
Pacific,2023,12,4,1,53,27.663422
Pacific,2023,12,5,0,15,19.947214
Pacific,2023,12,6,3,65,47.689537
Pacific,2023,12,4,3,39,46.018005
Pacific,2023,12,5,1,31,27.591665
Pacific,2023,12,6,0,17,20.33532
Pacific,2023,12,7,1,26,24.948765
Pacific,2023,12,5,3,37,46.04261
Pacific,2023,12,3,0,26,17.686901
Pacific,2023,12,1,0,24,21.09155
Pacific,2023,12,4,2,36,44.307613
Pacific,2023,12,2,0,15,16.539127
Pacific,2023,12,3,3,34,41.750317
Pacific,2023,12,7,3,52,43.010036
Pacific,2023,12,2,2,35,38.156223
Pacific,2023,12,2,1,26,23.211634
Pacific,2023,12,3,2,35,39.994762
Pacific,2023,12,1,2,68,35.89468
Pacific,2023,12,5,2,34,44.33222
Pacific,2023,12,7,2,43,39.85291
Rampart,2023,1,5,0,15,13.479782
Rampart,2023,1,3,3,51,32.52097
Rampart,2023,1,5,1,18,20.963118
Rampart,2023,1,4,3,35,35.788303
Rampart,2023,1,5,2,29,33.67569
Rampart,2023,1,3,1,28,19.002817
Rampart,2023,1,4,1,19,21.97596
Rampart,2023,1,1,2,45,33.058784
Rampart,2023,1,2,1,35,20.57516
Rampart,2023,1,3,2,51,31.48023
Rampart,2023,1,7,0,23,18.79996
Rampart,2023,1,7,3,40,40.06289
Rampart,2023,1,6,3,34,42.316906
Rampart,2023,1,6,1,17,23.452862
Rampart,2023,1,1,3,46,35.558678
Rampart,2023,1,3,0,23,11.57434
Rampart,2023,1,2,3,44,34.237305
Rampart,2023,1,4,2,29,34.63091
Rampart,2023,1,1,1,30,17.998816
Rampart,2023,1,1,0,21,18.331373
Rampart,2023,1,2,0,27,14.5765915
Rampart,2023,1,2,2,42,33.227398
Rampart,2023,1,7,2,32,36.303093
Rampart,2023,1,4,0,17,14.509989
Rampart,2023,1,5,3,34,35.706734
Rampart,2023,1,6,0,10,16.891165
Rampart,2023,1,7,1,19,20.423426
Rampart,2023,1,6,2,39,40.214233
Rampart,2023,2,3,2,38,31.830109
Rampart,2023,2,6,1,19,20.183224
Rampart,2023,2,6,2,39,35.39999
Rampart,2023,2,7,1,17,19.216455
Rampart,2023,2,5,1,21,19.529875
Rampart,2023,2,7,0,19,17.544487
Rampart,2023,2,5,0,14,11.998035
Rampart,2023,2,2,1,24,20.151321
Rampart,2023,2,3,0,17,12.163175
Rampart,2023,2,1,2,39,31.150711
Rampart,2023,2,4,1,24,19.686295
Rampart,2023,2,1,0,13,17.85848
Rampart,2023,2,6,0,14,13.57302
Rampart,2023,2,5,3,26,31.866959
Rampart,2023,2,3,1,18,19.64016
Rampart,2023,2,4,3,29,31.965754
Rampart,2023,2,5,2,30,31.8754
Rampart,2023,2,2,2,15,32.017616
Rampart,2023,2,2,0,14,14.104247
Rampart,2023,2,6,3,41,36.06923
Rampart,2023,2,7,2,36,34.571163
Rampart,2023,2,2,3,29,32.007053
Rampart,2023,2,7,3,36,36.947334
Rampart,2023,2,3,3,29,31.850376
Rampart,2023,2,4,2,40,31.974194
Rampart,2023,2,4,0,12,12.171821
Rampart,2023,2,1,3,37,32.63585
Rampart,2023,2,1,1,19,17.574425
Rampart,2023,3,3,0,12,14.348216
Rampart,2023,3,7,3,37,33.476925
Rampart,2023,3,3,2,41,35.103485
Rampart,2023,3,2,1,24,21.669596
Rampart,2023,3,1,2,27,31.727606
Rampart,2023,3,4,1,27,21.912298
Rampart,2023,3,7,2,37,31.719288
Rampart,2023,3,5,1,31,19.89524
Rampart,2023,3,2,2,28,34.532322
Rampart,2023,3,4,2,52,35.19662
Rampart,2023,3,4,3,49,35.218838
Rampart,2023,3,6,2,62,34.701912
Rampart,2023,3,3,1,18,21.917105
Rampart,2023,3,3,3,43,35.15441
Rampart,2023,3,6,3,47,35.293427
Rampart,2023,3,1,0,17,17.552849
Rampart,2023,3,2,3,34,34.528717
Rampart,2023,3,2,0,16,15.530616
Rampart,2023,3,5,2,64,33.078506
Rampart,2023,3,6,1,27,19.541344
Rampart,2023,3,1,1,13,17.268793
Rampart,2023,3,5,3,47,33.329872
Rampart,2023,3,6,0,12,12.83682
Rampart,2023,3,7,1,19,16.93122
Rampart,2023,3,7,0,20,15.259243
Rampart,2023,3,5,0,13,12.374252
Rampart,2023,3,1,3,37,32.718147
Rampart,2023,3,4,0,10,14.343407
Rampart,2023,4,4,0,18,12.217239
Rampart,2023,4,1,3,41,31.552841
Rampart,2023,4,7,0,24,17.17289
Rampart,2023,4,6,0,7,14.800564
Rampart,2023,4,7,3,47,36.136833
Rampart,2023,4,5,3,52,34.195457
Rampart,2023,4,1,1,39,16.572191
Rampart,2023,4,7,1,29,18.844858
Rampart,2023,4,3,2,38,32.37106
Rampart,2023,4,4,3,33,32.623955
Rampart,2023,4,5,0,17,13.83665
Rampart,2023,4,6,2,36,37.164032
Rampart,2023,4,4,1,18,19.786135
Rampart,2023,4,6,1,37,21.505085
Rampart,2023,4,7,2,44,34.456913
Rampart,2023,4,5,2,28,34.250957
Rampart,2023,4,2,3,30,32.653526
Rampart,2023,4,2,0,16,14.124138
Rampart,2023,4,6,3,41,37.67783
Rampart,2023,4,5,1,28,21.357643
Rampart,2023,4,4,2,43,32.679455
Rampart,2023,4,3,1,21,19.57568
Rampart,2023,4,2,2,30,32.734848
Rampart,2023,4,3,3,42,32.34427
Rampart,2023,4,1,2,43,30.64
Rampart,2023,4,1,0,21,16.856247
Rampart,2023,4,3,0,11,12.006787
Rampart,2023,4,2,1,20,20.263117
Rampart,2023,5,1,3,31,36.317455
Rampart,2023,5,2,2,45,34.44236
Rampart,2023,5,1,1,24,21.156902
Rampart,2023,5,7,0,39,19.552164
Rampart,2023,5,7,1,21,21.787802
Rampart,2023,5,6,3,36,37.62358
Rampart,2023,5,1,0,25,21.668398
Rampart,2023,5,4,2,52,33.26057
Rampart,2023,5,4,3,57,33.264763
Rampart,2023,5,7,2,38,37.08892
Rampart,2023,5,6,0,7,16.056984
Rampart,2023,5,2,1,27,23.179197
Rampart,2023,5,5,2,39,33.220013
Rampart,2023,5,6,2,62,37.05009
Rampart,2023,5,2,3,46,35.04953
Rampart,2023,5,4,0,11,14.44634
Rampart,2023,5,5,0,15,14.45369
Rampart,2023,5,3,3,51,33.11824
Rampart,2023,5,5,1,30,21.073225
Rampart,2023,5,5,3,34,33.224205
Rampart,2023,5,6,1,27,21.860044
Rampart,2023,5,4,1,34,21.113783
Rampart,2023,5,3,1,36,21.236395
Rampart,2023,5,2,0,28,17.4572
Rampart,2023,5,3,2,43,33.08534
Rampart,2023,5,1,2,43,34.01988
Rampart,2023,5,7,3,48,40.15359
Rampart,2023,5,3,0,18,14.435792
Rampart,2023,6,2,0,21,17.244314
Rampart,2023,6,6,1,30,20.915956
Rampart,2023,6,6,3,59,36.558086
Rampart,2023,6,1,2,33,32.010532
Rampart,2023,6,3,1,18,22.806707
Rampart,2023,6,3,3,37,35.236656
Rampart,2023,6,7,3,41,36.741043
Rampart,2023,6,4,1,18,22.817259
Rampart,2023,6,7,0,13,18.26065
Rampart,2023,6,6,0,22,15.072301
Rampart,2023,6,5,0,21,15.169939
Rampart,2023,6,5,2,43,34.08723
Rampart,2023,6,5,3,52,34.842793
Rampart,2023,6,1,1,13,18.963036
Rampart,2023,6,4,2,35,34.91338
Rampart,2023,6,2,2,38,34.610348
Rampart,2023,6,2,3,33,35.187492
Rampart,2023,6,6,2,56,35.233227
Rampart,2023,6,4,3,40,35.66894
Rampart,2023,6,3,0,9,15.190566
Rampart,2023,6,1,0,20,21.226355
Rampart,2023,6,2,1,29,23.16266
Rampart,2023,6,7,1,22,18.744465
Rampart,2023,6,5,1,36,21.991121
Rampart,2023,6,7,2,43,33.172817
Rampart,2023,6,4,0,6,15.201114
Rampart,2023,6,1,3,37,34.811665
Rampart,2023,6,3,2,30,34.60498
Rampart,2023,7,2,0,27,16.752874
Rampart,2023,7,5,2,39,34.010967
Rampart,2023,7,4,0,14,14.736698
Rampart,2023,7,4,1,20,21.913385
Rampart,2023,7,1,0,21,20.964073
Rampart,2023,7,5,1,37,21.914848
Rampart,2023,7,1,3,54,34.752197
Rampart,2023,7,3,3,33,34.306454
Rampart,2023,7,6,0,16,17.77638
Rampart,2023,7,3,1,22,21.700718
Rampart,2023,7,7,1,37,22.015566
Rampart,2023,7,7,3,47,40.29822
Rampart,2023,7,2,2,58,33.477337
Rampart,2023,7,3,2,35,33.49899
Rampart,2023,7,5,0,15,14.786065
Rampart,2023,7,2,1,34,22.029648
Rampart,2023,7,7,0,34,20.798645
Rampart,2023,7,5,3,32,34.942318
Rampart,2023,7,4,3,42,34.940857
Rampart,2023,7,7,2,44,36.890057
Rampart,2023,7,1,2,53,32.481358
Rampart,2023,7,6,3,47,41.664207
Rampart,2023,7,3,0,17,14.7261505
Rampart,2023,7,2,3,42,34.25729
Rampart,2023,7,6,1,33,24.414177
Rampart,2023,7,4,2,36,34.009506
Rampart,2023,7,6,2,41,39.766308
Rampart,2023,7,1,1,28,19.43386
Rampart,2023,8,2,3,36,34.941853
Rampart,2023,8,1,1,22,20.637411
Rampart,2023,8,4,2,51,33.86225
Rampart,2023,8,6,0,21,15.177072
Rampart,2023,8,6,2,19,35.805603
Rampart,2023,8,7,1,27,19.922726
Rampart,2023,8,4,1,28,21.871012
Rampart,2023,8,3,2,42,33.523113
Rampart,2023,8,7,0,27,18.705805
Rampart,2023,8,6,3,41,37.483475
Rampart,2023,8,5,1,16,21.872475
Rampart,2023,8,1,3,39,35.43676
Rampart,2023,8,2,1,27,23.233198
Rampart,2023,8,4,3,48,34.926804
Rampart,2023,8,1,2,31,33.41648
Rampart,2023,8,1,0,21,22.167624
Rampart,2023,8,3,3,33,34.43507
Rampart,2023,8,6,1,28,21.467417
Rampart,2023,8,7,3,37,37.49624
Rampart,2023,8,2,0,8,17.956425
Rampart,2023,8,4,0,18,14.694327
Rampart,2023,8,7,2,43,34.3081
Rampart,2023,8,3,1,41,21.82972
Rampart,2023,8,5,2,57,33.863712
Rampart,2023,8,5,0,13,14.743694
Rampart,2023,8,2,2,41,34.41246
Rampart,2023,8,5,3,40,34.928265
Rampart,2023,8,3,0,20,14.855155
Rampart,2023,9,5,1,33,21.961828
Rampart,2023,9,3,1,24,21.603703
Rampart,2023,9,4,1,27,21.960365
Rampart,2023,9,5,3,36,35.214558
Rampart,2023,9,7,3,59,37.166412
Rampart,2023,9,3,3,32,34.242085
Rampart,2023,9,4,2,39,34.003284
Rampart,2023,9,2,1,34,21.690073
Rampart,2023,9,1,0,22,20.321945
Rampart,2023,9,6,0,28,15.26275
Rampart,2023,9,3,2,39,33.184868
Rampart,2023,9,6,2,59,36.089886
Rampart,2023,9,2,3,44,34.089466
Rampart,2023,9,7,0,23,17.622717
Rampart,2023,9,1,2,25,31.832106
Rampart,2023,9,4,3,56,35.213097
Rampart,2023,9,6,3,66,37.913017
Rampart,2023,9,3,0,12,14.5567045
Rampart,2023,9,5,2,36,34.004745
Rampart,2023,9,2,0,18,16.340864
Rampart,2023,9,2,2,35,33.05821
Rampart,2023,9,1,1,14,18.864168
Rampart,2023,9,7,1,28,18.912073
Rampart,2023,9,1,3,48,34.584373
Rampart,2023,9,7,2,45,33.602898
Rampart,2023,9,6,1,38,21.625528
Rampart,2023,9,5,0,12,14.760614
Rampart,2023,9,4,0,24,14.711247
Rampart,2023,10,4,1,24,21.271877
Rampart,2023,10,1,2,52,33.02598
Rampart,2023,10,2,1,33,21.416695
Rampart,2023,10,2,0,19,16.15417
Rampart,2023,10,5,3,44,34.69807
Rampart,2023,10,5,2,45,33.571167
Rampart,2023,10,7,0,14,21.277681
Rampart,2023,10,3,1,26,21.09437
Rampart,2023,10,7,2,29,38.537384
Rampart,2023,10,1,0,35,22.318531
Rampart,2023,10,3,3,53,33.594814
Rampart,2023,10,4,0,20,14.109442
Rampart,2023,10,7,1,29,22.657602
Rampart,2023,10,1,1,24,20.113058
Rampart,2023,10,7,3,36,43.363037
Rampart,2023,10,6,3,36,42.571037
Rampart,2023,10,6,0,16,17.750422
Rampart,2023,10,2,2,69,32.729805
Rampart,2023,10,4,3,36,34.386673
Rampart,2023,10,6,1,19,24.203768
Rampart,2023,10,5,1,37,21.583277
Rampart,2023,10,2,3,45,33.678154
Rampart,2023,10,4,2,46,33.25977
Rampart,2023,10,1,3,43,35.845486
Rampart,2023,10,3,0,21,14.134051
Rampart,2023,10,5,0,8,14.468746
Rampart,2023,10,3,2,51,32.620506
Rampart,2023,10,6,2,27,39.635914
Rampart,2023,11,6,3,54,36.398228
Rampart,2023,11,7,3,42,34.93089
Rampart,2023,11,5,0,22,13.461002
Rampart,2023,11,7,2,34,32.458996
Rampart,2023,11,3,3,51,34.739258
Rampart,2023,11,6,0,19,13.907996
Rampart,2023,11,1,2,34,32.568813
Rampart,2023,11,3,0,10,14.345264
Rampart,2023,11,5,3,38,34.54462
Rampart,2023,11,7,1,26,18.198853
Rampart,2023,11,5,2,54,33.49342
Rampart,2023,11,3,1,22,21.865305
Rampart,2023,11,2,1,32,22.110302
Rampart,2023,11,6,2,39,34.733707
Rampart,2023,11,7,0,20,16.351694
Rampart,2023,11,3,2,33,33.840652
Rampart,2023,11,6,1,27,20.630695
Rampart,2023,11,2,3,38,34.78784
Rampart,2023,11,2,2,34,33.915195
Rampart,2023,11,1,1,28,18.758953
Rampart,2023,11,4,1,33,21.642933
Rampart,2023,11,5,1,36,21.056318
Rampart,2023,11,1,0,20,19.900007
Rampart,2023,11,4,2,64,34.080032
Rampart,2023,11,4,0,27,13.920775
Rampart,2023,11,2,0,16,16.288055
Rampart,2023,11,1,3,49,34.229458
Rampart,2023,11,4,3,57,35.131233
Rampart,2023,12,5,0,15,15.270913
Rampart,2023,12,2,2,31,31.013575
Rampart,2023,12,3,2,49,32.261963
Rampart,2023,12,1,2,33,29.412344
Rampart,2023,12,6,1,33,22.482656
Rampart,2023,12,3,0,13,14.063778
Rampart,2023,12,5,2,44,37.877106
Rampart,2023,12,7,0,33,17.324333
Rampart,2023,12,2,1,29,20.456274
Rampart,2023,12,1,1,17,16.850079
Rampart,2023,12,7,3,55,38.118702
Rampart,2023,12,5,1,21,22.866224
Rampart,2023,12,2,0,15,13.533727
Rampart,2023,12,4,0,23,15.11947
Rampart,2023,12,2,3,34,31.767467
Rampart,2023,12,3,3,48,32.88249
Rampart,2023,12,6,3,42,41.40094
Rampart,2023,12,6,2,44,39.95277
Rampart,2023,12,7,1,22,19.171494
Rampart,2023,12,6,0,13,15.7599535
Rampart,2023,12,4,3,42,38.68735
Rampart,2023,12,4,2,54,37.8525
Rampart,2023,12,7,2,32,36.211693
Rampart,2023,12,1,3,40,30.605698
Rampart,2023,12,3,1,25,21.583815
Rampart,2023,12,5,3,28,38.711956
Rampart,2023,12,4,1,29,22.841621
Rampart,2023,12,1,0,32,16.146923
Southeast,2023,1,3,0,25,13.693024
Southeast,2023,1,2,1,32,22.110844
Southeast,2023,1,6,1,27,25.072115
Southeast,2023,1,2,0,25,16.172535
Southeast,2023,1,6,3,20,43.424187
Southeast,2023,1,3,3,35,34.20533
Southeast,2023,1,1,0,42,20.924019
Southeast,2023,1,2,3,37,35.7521
Southeast,2023,1,4,1,16,23.592339
Southeast,2023,1,5,1,15,22.525415
Southeast,2023,1,5,2,21,35.1315
Southeast,2023,1,6,0,9,18.948978
Southeast,2023,1,1,2,26,34.13857
Southeast,2023,1,3,1,27,20.532835
Southeast,2023,1,4,0,10,16.715036
Southeast,2023,1,7,2,24,36.875973
Southeast,2023,1,2,2,46,34.865414
Southeast,2023,1,7,3,31,41.601612
Southeast,2023,1,4,3,37,36.7657
Southeast,2023,1,5,3,28,36.827602
Southeast,2023,1,5,0,10,15.732888
Southeast,2023,1,4,2,40,36.1408
Southeast,2023,1,1,1,32,20.385145
Southeast,2023,1,7,1,23,21.92634
Southeast,2023,1,1,3,49,37.722157
Southeast,2023,1,3,2,34,33.287807
Southeast,2023,1,6,2,27,41.230095
Southeast,2023,1,7,0,16,21.281338
Southeast,2023,2,7,2,34,36.046997
Southeast,2023,2,3,2,36,33.61492
Southeast,2023,2,6,3,38,39.86011
Southeast,2023,2,3,0,15,14.275032
Southeast,2023,2,4,0,13,14.5463085
Southeast,2023,2,5,3,36,35.12052
Southeast,2023,2,3,1,23,21.1176
Southeast,2023,2,1,1,19,20.088827
Southeast,2023,2,4,1,23,21.426365
Southeast,2023,2,4,3,37,35.075848
Southeast,2023,2,1,3,25,36.63931
Southeast,2023,2,3,3,31,34.66095
Southeast,2023,2,2,2,21,34.09393
Southeast,2023,2,6,2,39,37.45048
Southeast,2023,2,7,3,37,41.037983
Southeast,2023,2,5,1,27,21.215864
Southeast,2023,2,4,2,21,33.967808
Southeast,2023,2,1,2,30,32.921497
Southeast,2023,2,7,0,19,20.13835
Southeast,2023,2,7,1,19,20.786106
Southeast,2023,2,2,0,8,15.874015
Southeast,2023,2,6,0,10,15.743317
Southeast,2023,2,5,2,35,33.81493
Southeast,2023,2,1,0,29,20.624947
Southeast,2023,2,2,3,34,35.109123
Southeast,2023,2,6,1,15,21.869213
Southeast,2023,2,5,0,7,14.420579
Southeast,2023,2,2,1,24,21.815079
Southeast,2023,3,2,1,13,23.27128
Southeast,2023,3,4,1,23,23.590296
Southeast,2023,3,2,2,44,37.08188
Southeast,2023,3,5,1,25,21.58123
Southeast,2023,3,6,1,28,21.227333
Southeast,2023,3,3,1,24,23.332472
Southeast,2023,3,4,3,37,38.802174
Southeast,2023,3,5,0,17,14.796796
Southeast,2023,3,3,3,24,38.438217
Southeast,2023,3,7,1,20,18.500868
Southeast,2023,3,3,0,15,16.398005
Southeast,2023,3,7,0,16,17.853113
Southeast,2023,3,7,2,27,33.19512
Southeast,2023,3,1,3,28,37.053356
Southeast,2023,3,5,2,30,35.553356
Southeast,2023,3,1,1,15,19.721123
Southeast,2023,3,3,2,37,37.36154
Southeast,2023,3,6,2,44,36.752403
Southeast,2023,3,4,0,17,16.655827
Southeast,2023,3,5,3,55,37.11875
Southeast,2023,3,4,2,45,37.66348
Southeast,2023,3,2,0,22,17.238314
Southeast,2023,3,1,2,42,33.830143
Southeast,2023,3,2,3,43,38.104023
Southeast,2023,3,7,3,33,37.567574
Southeast,2023,3,6,0,15,15.007115
Southeast,2023,3,1,0,21,20.257242
Southeast,2023,3,6,3,53,39.08431
Southeast,2023,4,4,0,12,14.529655
Southeast,2023,4,1,1,29,19.02452
Southeast,2023,4,2,1,30,21.864801
Southeast,2023,4,5,0,9,16.259201
Southeast,2023,4,1,2,35,32.62461
Southeast,2023,4,7,2,42,35.932747
Southeast,2023,4,1,3,49,35.847824
Southeast,2023,4,4,3,46,36.167076
Southeast,2023,4,3,2,32,34.51118
Southeast,2023,4,6,1,31,23.191074
Southeast,2023,4,5,1,20,23.043633
Southeast,2023,4,7,1,18,20.414509
Southeast,2023,4,3,0,12,14.056573
Southeast,2023,4,2,2,36,35.16647
Southeast,2023,4,3,1,23,20.991047
Southeast,2023,4,4,2,26,35.02838
Southeast,2023,4,1,0,31,19.56064
Southeast,2023,4,7,3,46,40.3052
Southeast,2023,4,5,3,23,37.944122
Southeast,2023,4,2,0,15,15.831831
Southeast,2023,4,3,3,23,35.587864
Southeast,2023,4,7,0,27,19.766752
Southeast,2023,4,5,2,32,36.607876
Southeast,2023,4,6,2,32,39.214523
Southeast,2023,4,6,0,19,16.970867
Southeast,2023,4,4,1,21,21.464132
Southeast,2023,4,6,3,40,41.54643
Southeast,2023,4,2,3,46,36.18862
Southeast,2023,5,5,2,34,35.420353
Southeast,2023,5,5,0,8,17.742226
Southeast,2023,5,2,3,41,38.766525
Southeast,2023,5,7,3,38,44.508152
Southeast,2023,5,2,0,21,20.255535
Southeast,2023,5,1,0,23,25.371841
Southeast,2023,5,6,1,28,23.57514
Southeast,2023,5,7,0,15,22.920422
Southeast,2023,5,4,3,51,36.608803
Southeast,2023,5,4,2,45,35.41889
Southeast,2023,5,6,3,33,41.23963
Southeast,2023,5,2,1,28,25.034641
Southeast,2023,5,4,0,15,17.590721
Southeast,2023,5,6,2,39,38.811466
Southeast,2023,5,3,1,23,22.646837
Southeast,2023,5,1,1,21,23.862991
Southeast,2023,5,1,2,29,36.132538
Southeast,2023,5,3,2,40,35.147083
Southeast,2023,5,4,1,48,22.786856
Southeast,2023,5,5,1,11,22.788317
Southeast,2023,5,7,1,22,23.386557
Southeast,2023,5,6,0,17,19.09327
Southeast,2023,5,1,3,45,41.737236
Southeast,2023,5,7,2,40,38.205414
Southeast,2023,5,2,2,41,36.973633
Southeast,2023,5,5,3,35,36.69735
Southeast,2023,5,3,3,48,36.365707
Southeast,2023,5,3,0,20,17.31754
Southeast,2023,6,3,2,33,36.582436
Southeast,2023,6,1,2,26,33.931084
Southeast,2023,6,2,0,6,19.93483
Southeast,2023,6,4,3,41,39.323307
Southeast,2023,6,6,0,22,18.14711
Southeast,2023,6,4,1,23,24.490332
Southeast,2023,6,7,1,16,20.381742
Southeast,2023,6,3,0,12,18.072311
Southeast,2023,6,5,1,34,23.744736
Southeast,2023,6,5,0,24,18.496998
Southeast,2023,6,4,0,20,18.345493
Southeast,2023,6,5,3,53,38.5777
Southeast,2023,6,7,2,29,34.327835
Southeast,2023,6,2,3,43,39.106995
Southeast,2023,6,1,0,45,24.821978
Southeast,2023,6,1,1,18,21.561304
Southeast,2023,6,5,2,49,36.241802
Southeast,2023,6,1,3,42,39.85695
Southeast,2023,6,2,1,14,24.910284
Southeast,2023,6,2,2,27,36.949512
Southeast,2023,6,3,3,32,38.79445
Southeast,2023,6,6,3,67,40.416775
Southeast,2023,6,6,2,37,37.033127
Southeast,2023,6,6,1,29,22.66957
Southeast,2023,6,4,2,30,36.987408
Southeast,2023,6,7,0,19,21.66743
Southeast,2023,6,7,3,42,40.947784
Southeast,2023,6,3,1,17,24.21715
Southeast,2023,7,1,0,30,24.508993
Southeast,2023,7,5,1,28,23.620516
Southeast,2023,7,7,1,27,23.604898
Southeast,2023,7,4,1,19,23.619053
Southeast,2023,7,6,2,29,41.668392
Southeast,2023,7,1,1,25,21.981426
Southeast,2023,7,3,3,43,38.27206
Southeast,2023,7,2,1,24,23.726568
Southeast,2023,7,2,0,31,19.392687
Southeast,2023,7,3,0,24,17.64049
Southeast,2023,7,3,1,24,23.143755
Southeast,2023,7,6,1,22,26.119846
Southeast,2023,7,5,2,27,36.267723
Southeast,2023,7,5,3,47,39.154633
Southeast,2023,7,1,3,50,39.845543
Southeast,2023,7,2,2,33,35.7658
Southeast,2023,7,2,3,73,38.501312
Southeast,2023,7,4,3,35,39.15317
Southeast,2023,7,4,0,19,17.913671
Southeast,2023,7,6,0,19,20.80324
Southeast,2023,7,1,2,47,34.351208
Southeast,2023,7,7,3,48,45.397675
Southeast,2023,7,5,0,16,18.065176
Southeast,2023,7,3,2,33,35.509037
Southeast,2023,7,6,3,35,46.415607
Southeast,2023,7,7,0,37,24.157478
Southeast,2023,7,7,2,37,38.14726
Southeast,2023,7,4,2,31,36.266262
Southeast,2023,8,1,0,12,26.347795
Southeast,2023,8,5,1,22,23.690325
Southeast,2023,8,6,3,47,42.351784
Southeast,2023,8,1,3,41,41.217762
Southeast,2023,8,1,1,22,23.820229
Southeast,2023,8,2,1,20,25.56537
Southeast,2023,8,3,3,37,38.565266
Southeast,2023,8,6,1,18,23.237589
Southeast,2023,8,4,2,32,36.283596
Southeast,2023,8,6,2,33,37.824596
Southeast,2023,8,7,1,19,21.57656
Southeast,2023,8,3,1,31,23.38494
Southeast,2023,8,7,0,29,22.12914
Southeast,2023,8,7,2,29,35.682213
Southeast,2023,8,4,1,21,23.688862
Southeast,2023,8,7,3,32,42.7126
Southeast,2023,8,3,0,21,17.881674
Southeast,2023,8,5,3,39,39.30517
Southeast,2023,8,6,0,16,18.268436
Southeast,2023,8,5,0,29,18.134985
Southeast,2023,8,4,0,17,17.98348
Southeast,2023,8,2,3,34,39.87353
Southeast,2023,8,2,0,21,21.23149
Southeast,2023,8,1,2,37,35.973988
Southeast,2023,8,5,2,60,36.285057
Southeast,2023,8,4,3,37,39.303707
Southeast,2023,8,3,2,54,35.69775
Southeast,2023,8,2,2,31,37.38858
Southeast,2023,9,2,3,45,38.448547
Southeast,2023,9,6,1,33,23.356066
Southeast,2023,9,5,1,26,23.740047
Southeast,2023,9,7,1,21,20.526272
Southeast,2023,9,4,2,38,36.384995
Southeast,2023,9,6,0,26,18.314478
Southeast,2023,9,5,2,30,36.386456
Southeast,2023,9,2,1,25,23.422781
Southeast,2023,9,6,2,39,38.069244
Southeast,2023,9,3,2,37,35.40972
Southeast,2023,9,3,0,14,17.543589
Southeast,2023,9,4,1,21,23.738585
Southeast,2023,9,1,1,19,21.447521
Southeast,2023,9,2,2,47,35.52471
Southeast,2023,9,3,1,13,23.119291
Southeast,2023,9,1,2,26,33.88
Southeast,2023,9,1,0,27,23.902653
Southeast,2023,9,6,3,44,42.67871
Southeast,2023,9,4,0,11,17.960766
Southeast,2023,9,1,3,41,39.792778
Southeast,2023,9,2,0,20,19.016464
Southeast,2023,9,5,3,38,39.488846
Southeast,2023,9,3,3,35,38.359516
Southeast,2023,9,7,2,35,34.937374
Southeast,2023,9,4,3,26,39.487385
Southeast,2023,9,5,0,10,18.11227
Southeast,2023,9,7,3,52,42.28016
Southeast,2023,9,7,0,26,21.006418
Southeast,2023,10,7,0,22,24.529734
Southeast,2023,10,3,3,37,37.600063
Southeast,2023,10,4,1,30,22.870768
Southeast,2023,10,6,3,38,47.738594
Southeast,2023,10,6,2,45,41.949993
Southeast,2023,10,5,2,27,35.773552
Southeast,2023,10,3,2,23,34.666035
Southeast,2023,10,4,2,38,35.462154
Southeast,2023,10,3,1,26,22.43063
Southeast,2023,10,5,0,15,17.641073
Southeast,2023,10,1,3,51,40.941708
Southeast,2023,10,2,0,20,18.65044
Southeast,2023,10,1,1,26,22.517082
Southeast,2023,10,6,1,28,25.802656
Southeast,2023,10,2,3,59,37.925053
Southeast,2023,10,4,0,13,17.179632
Southeast,2023,10,5,1,31,23.182167
Southeast,2023,10,1,2,50,34.89455
Southeast,2023,10,3,0,14,16.94161
Southeast,2023,10,7,2,41,40.20658
Southeast,2023,10,5,3,40,38.860176
Southeast,2023,10,4,3,29,38.54878
Southeast,2023,10,2,1,27,22.970074
Southeast,2023,10,2,2,42,35.016983
Southeast,2023,10,7,1,26,24.140152
Southeast,2023,10,6,0,13,20.670504
Southeast,2023,10,1,0,29,25.71991
Southeast,2023,10,7,3,49,48.878647
Southeast,2023,11,1,2,41,33.777023
Southeast,2023,11,6,0,11,15.622903
Southeast,2023,11,5,3,40,38.126026
Southeast,2023,11,6,1,17,20.844835
Southeast,2023,11,5,0,17,15.623856
Southeast,2023,11,2,0,28,18.347841
Southeast,2023,11,3,1,19,23.258688
Southeast,2023,11,7,2,24,32.07828
Southeast,2023,11,3,0,15,17.086834
Southeast,2023,11,4,2,49,36.145477
Southeast,2023,11,4,0,21,16.425247
Southeast,2023,11,4,3,43,39.1564
Southeast,2023,11,4,1,14,22.799217
Southeast,2023,11,3,3,47,39.107292
Southeast,2023,11,1,0,24,22.919586
Southeast,2023,11,5,2,36,35.115105
Southeast,2023,11,1,3,28,39.12563
Southeast,2023,11,7,1,32,18.243858
Southeast,2023,11,5,1,36,21.768845
Southeast,2023,11,2,2,41,36.194664
Southeast,2023,11,2,1,28,23.350313
Southeast,2023,11,6,2,39,35.51098
Southeast,2023,11,7,0,23,18.5928
Southeast,2023,11,7,3,58,38.856895
Southeast,2023,11,1,1,23,20.657265
Southeast,2023,11,2,3,27,39.02703
Southeast,2023,11,6,3,36,40.028976
Southeast,2023,11,3,2,24,36.248966
Southeast,2023,12,3,0,13,15.596898
Southeast,2023,12,6,3,47,44.95024
Southeast,2023,12,7,3,41,42.230545
Southeast,2023,12,2,1,16,20.770073
Southeast,2023,12,1,2,42,30.6685
Southeast,2023,12,7,1,32,19.895914
Southeast,2023,12,2,0,15,14.885888
Southeast,2023,12,3,2,30,33.680428
Southeast,2023,12,3,1,21,21.6856
Southeast,2023,12,7,2,47,35.74644
Southeast,2023,12,2,2,32,33.14865
Southeast,2023,12,5,2,31,37.602097
Southeast,2023,12,1,0,30,18.651213
Southeast,2023,12,6,0,21,17.66745
Southeast,2023,12,6,1,26,23.10893
Southeast,2023,12,5,0,14,17.10215
Southeast,2023,12,2,3,37,36.157463
Southeast,2023,12,4,2,27,37.57749
Southeast,2023,12,3,3,29,36.472652
Southeast,2023,12,4,0,13,16.848568
Southeast,2023,12,5,1,21,23.163998
Southeast,2023,12,1,1,17,18.014519
Southeast,2023,12,7,0,23,20.025312
Southeast,2023,12,1,3,45,35.241203
Southeast,2023,12,4,3,28,40.642437
Southeast,2023,12,4,1,24,23.139395
Southeast,2023,12,6,2,44,40.37822
Southeast,2023,12,5,3,34,40.66704
Southwest,2023,1,3,0,16,13.211427
Southwest,2023,1,2,0,18,15.992968
Southwest,2023,1,2,2,52,37.90959
Southwest,2023,1,5,2,42,38.335857
Southwest,2023,1,4,2,46,39.127483
Southwest,2023,1,3,1,29,23.609304
Southwest,2023,1,2,1,28,25.375597
Southwest,2023,1,7,2,27,40.957634
Southwest,2023,1,1,2,41,37.409912
Southwest,2023,1,5,3,50,38.471214
Southwest,2023,1,3,3,35,35.36663
Southwest,2023,1,7,0,20,22.409369
Southwest,2023,1,4,1,39,26.834314
Southwest,2023,1,6,0,18,18.780544
Southwest,2023,1,5,0,14,15.634474
Southwest,2023,1,4,0,20,16.39895
Southwest,2023,1,6,1,27,28.330551
Southwest,2023,1,3,2,51,35.8121
Southwest,2023,1,4,3,30,37.65548
Southwest,2023,1,6,3,33,44.367954
Southwest,2023,1,6,2,37,43.857838
Southwest,2023,1,7,1,34,25.29894
Southwest,2023,1,1,3,48,39.292282
Southwest,2023,1,2,3,55,37.433296
Southwest,2023,1,7,3,33,43.489098
Southwest,2023,1,5,1,33,25.985065
Southwest,2023,1,1,0,34,22.016212
Southwest,2023,1,1,1,27,22.364983
Southwest,2023,2,7,3,54,43.12556
Southwest,2023,2,4,3,34,36.610966
Southwest,2023,2,5,2,38,37.349854
Southwest,2023,2,1,1,24,22.165977
Southwest,2023,2,6,1,41,25.420235
Southwest,2023,2,7,2,34,40.647987
Southwest,2023,2,4,2,45,37.382908
Southwest,2023,2,3,1,38,24.472918
Southwest,2023,2,2,2,51,37.468678
Southwest,2023,2,2,0,14,15.794516
Southwest,2023,2,6,0,17,15.870222
Southwest,2023,2,5,0,14,14.446396
Southwest,2023,2,6,2,44,41.450996
Southwest,2023,2,1,3,48,38.64664
Southwest,2023,2,3,2,44,36.65132
Southwest,2023,2,3,0,23,14.075041
Southwest,2023,2,1,0,20,21.817207
Southwest,2023,2,7,0,24,21.208782
Southwest,2023,2,2,3,49,36.801643
Southwest,2023,2,4,1,30,24.887665
Southwest,2023,2,5,1,22,24.796988
Southwest,2023,2,5,3,53,36.775463
Southwest,2023,2,3,3,36,36.01512
Southwest,2023,2,6,3,48,41.857414
Southwest,2023,2,7,1,32,24.098354
Southwest,2023,2,2,1,36,25.177145
Southwest,2023,2,1,2,34,36.949284
Southwest,2023,2,4,0,12,14.452303
Southwest,2023,3,1,3,31,38.70803
Southwest,2023,3,3,1,28,26.869722
Southwest,2023,3,3,0,17,16.379944
Southwest,2023,3,7,2,49,37.796112
Southwest,2023,3,2,3,39,39.443893
Southwest,2023,3,2,1,13,26.755405
Southwest,2023,3,6,1,28,24.840464
Southwest,2023,3,5,2,66,39.00728
Southwest,2023,3,6,2,62,40.75292
Southwest,2023,3,2,2,42,40.10397
Southwest,2023,3,7,3,41,39.65515
Southwest,2023,3,5,3,38,38.69269
Southwest,2023,3,4,3,47,40.376114
Southwest,2023,3,1,0,21,21.571562
Southwest,2023,3,6,3,74,41.08161
Southwest,2023,3,2,0,21,17.280872
Southwest,2023,3,1,2,44,37.505272
Southwest,2023,3,1,1,24,21.920332
Southwest,2023,3,4,2,48,41.1174
Southwest,2023,3,4,1,25,27.233528
Southwest,2023,3,7,1,22,21.875225
Southwest,2023,3,3,2,41,40.436756
Southwest,2023,3,3,3,34,39.83121
Southwest,2023,3,5,0,16,14.884722
Southwest,2023,3,7,0,35,18.985655
Southwest,2023,3,6,0,22,15.19613
Southwest,2023,3,5,1,25,25.224463
Southwest,2023,3,4,0,17,16.74375
Southwest,2023,4,1,1,25,21.22373
Southwest,2023,4,2,0,15,15.8743925
Southwest,2023,4,5,1,18,26.686865
Southwest,2023,4,4,2,54,38.482304
Southwest,2023,4,6,2,40,43.21504
Southwest,2023,4,1,3,40,37.502506
Southwest,2023,4,7,1,31,23.788866
Southwest,2023,4,4,0,20,14.617581
Southwest,2023,4,4,3,46,37.741016
Southwest,2023,4,2,3,48,37.528492
Southwest,2023,4,5,0,18,16.347128
Southwest,2023,4,2,1,34,25.348927
Southwest,2023,4,3,1,30,24.528297
Southwest,2023,4,3,0,16,14.038513
Southwest,2023,4,5,3,44,39.518063
Southwest,2023,4,1,2,51,36.299747
Southwest,2023,4,1,0,19,20.87496
Southwest,2023,4,3,2,38,37.586403
Southwest,2023,4,5,2,36,40.0618
Southwest,2023,4,4,1,39,25.107365
Southwest,2023,4,6,3,33,43.54373
Southwest,2023,4,6,0,16,17.159882
Southwest,2023,4,6,1,33,26.804205
Southwest,2023,4,2,2,59,38.18857
Southwest,2023,4,7,2,50,40.533737
Southwest,2023,4,3,3,36,36.980858
Southwest,2023,4,7,0,23,20.899294
Southwest,2023,4,7,3,58,42.392776
Southwest,2023,5,1,2,34,39.42655
Southwest,2023,5,6,3,35,42.973255
Southwest,2023,5,4,3,43,38.205925
Southwest,2023,5,3,2,45,37.989582
Southwest,2023,5,2,2,38,39.76301
Southwest,2023,5,5,0,15,16.610647
Southwest,2023,5,7,0,15,22.977568
Southwest,2023,5,3,3,49,37.781883
Southwest,2023,5,1,0,28,25.64957
Southwest,2023,5,6,0,14,18.06278
Southwest,2023,5,4,2,52,38.640095
Southwest,2023,5,3,0,10,16.18596
Southwest,2023,5,6,1,19,26.682726
Southwest,2023,5,4,1,37,25.924547
Southwest,2023,5,7,2,38,42.13842
Southwest,2023,5,2,3,47,40.129578
Southwest,2023,5,6,2,40,42.2924
Southwest,2023,5,3,1,23,25.784529
Southwest,2023,5,5,1,26,25.926008
Southwest,2023,5,1,3,34,43.266693
Southwest,2023,5,7,3,59,46.183647
Southwest,2023,5,4,0,18,16.459143
Southwest,2023,5,2,1,37,28.052029
Southwest,2023,5,2,0,18,19.117395
Southwest,2023,5,7,1,21,26.255371
Southwest,2023,5,1,1,21,25.595463
Southwest,2023,5,5,3,59,38.29447
Southwest,2023,5,5,2,35,38.641556
Southwest,2023,6,2,3,47,40.56714
Southwest,2023,6,5,2,56,39.70123
Southwest,2023,6,3,3,40,40.307716
Southwest,2023,6,4,3,53,41.158657
Southwest,2023,6,3,1,28,27.354841
Southwest,2023,6,7,1,26,23.105568
Southwest,2023,6,4,2,37,40.446835
Southwest,2023,6,6,1,29,25.632172
Southwest,2023,6,4,1,22,27.628023
Southwest,2023,6,2,0,20,19.134287
Southwest,2023,6,1,1,23,23.293776
Southwest,2023,6,2,2,33,39.83597
Southwest,2023,6,6,3,41,42.005413
Southwest,2023,6,3,0,15,17.27833
Southwest,2023,6,4,0,15,17.551512
Southwest,2023,6,1,2,38,37.155777
Southwest,2023,6,6,0,13,17.309229
Southwest,2023,6,2,1,25,27.927671
Southwest,2023,6,5,3,43,40.41305
Southwest,2023,6,6,2,60,40.369076
Southwest,2023,6,7,3,28,42.478294
Southwest,2023,6,5,0,27,17.703016
Southwest,2023,6,7,0,14,21.579588
Southwest,2023,6,7,2,32,38.115856
Southwest,2023,6,3,2,41,39.52202
Southwest,2023,6,1,0,18,25.099707
Southwest,2023,6,1,3,30,41.317085
Southwest,2023,6,5,1,31,26.882427
Southwest,2023,7,3,0,14,16.896933
Southwest,2023,7,7,3,62,47.86231
Southwest,2023,7,6,3,48,48.833202
Southwest,2023,7,2,1,28,26.79438
Southwest,2023,7,7,0,22,24.365454
Southwest,2023,7,3,2,46,38.44862
Southwest,2023,7,5,1,23,26.80863
Southwest,2023,7,1,1,19,23.764322
Southwest,2023,7,5,0,18,17.321619
Southwest,2023,7,5,3,37,41.673954
Southwest,2023,7,7,2,45,42.798706
Southwest,2023,7,3,3,44,39.856026
Southwest,2023,7,4,0,18,17.170115
Southwest,2023,7,4,1,26,26.807167
Southwest,2023,7,5,2,33,40.340424
Southwest,2023,7,4,3,35,41.672493
Southwest,2023,7,6,1,28,29.378262
Southwest,2023,7,4,2,45,40.338963
Southwest,2023,7,2,3,55,40.032154
Southwest,2023,7,6,0,15,20.261175
Southwest,2023,7,1,0,44,24.837147
Southwest,2023,7,7,1,30,26.62454
Southwest,2023,7,3,1,26,26.33187
Southwest,2023,7,2,2,44,38.65226
Southwest,2023,7,1,3,39,41.376385
Southwest,2023,7,2,0,33,18.642569
Southwest,2023,7,6,2,42,45.7626
Southwest,2023,7,1,2,43,37.5759
Southwest,2023,8,3,1,22,26.656015
Southwest,2023,8,7,2,40,40.480377
Southwest,2023,8,3,2,57,39.418747
Southwest,2023,8,7,3,94,45.32395
Southwest,2023,8,6,2,46,42.195343
Southwest,2023,8,3,0,32,17.138117
Southwest,2023,8,1,3,115,43.453312
Southwest,2023,8,4,1,34,26.959938
Southwest,2023,8,5,3,61,41.930363
Southwest,2023,8,2,2,39,41.109577
Southwest,2023,8,4,2,49,40.46217
Southwest,2023,8,5,2,54,40.46363
Southwest,2023,8,6,1,17,26.749634
Southwest,2023,8,4,3,59,41.9289
Southwest,2023,8,1,2,50,39.90339
Southwest,2023,8,7,0,33,22.507782
Southwest,2023,8,4,0,25,17.239923
Southwest,2023,8,2,3,43,42.238903
Southwest,2023,8,1,1,28,25.73921
Southwest,2023,8,1,0,36,26.729073
Southwest,2023,8,5,1,50,26.961401
Southwest,2023,8,6,3,43,45.045918
Southwest,2023,8,6,0,10,17.89704
Southwest,2023,8,7,1,52,24.84983
Southwest,2023,8,2,0,17,20.534494
Southwest,2023,8,2,1,28,28.769268
Southwest,2023,8,3,3,49,40.930637
Southwest,2023,8,5,0,21,17.391428
Southwest,2023,9,6,2,56,42.49537
Southwest,2023,9,4,1,23,27.062042
Southwest,2023,9,6,0,28,18.034548
Southwest,2023,9,3,2,33,39.186092
Southwest,2023,9,7,0,31,21.476526
Southwest,2023,9,1,3,63,42.028328
Southwest,2023,9,5,2,40,40.620407
Southwest,2023,9,5,1,37,27.063505
Southwest,2023,9,1,0,22,24.442575
Southwest,2023,9,7,3,53,44.89151
Southwest,2023,9,1,2,32,37.86478
Southwest,2023,9,3,0,11,16.891499
Southwest,2023,9,4,2,47,40.618946
Southwest,2023,9,2,1,27,26.74624
Southwest,2023,9,3,1,23,26.442749
Southwest,2023,9,2,3,37,40.81392
Southwest,2023,9,2,2,37,39.301083
Southwest,2023,9,4,3,51,42.11258
Southwest,2023,9,6,1,28,26.920494
Southwest,2023,9,7,2,51,39.790916
Southwest,2023,9,3,3,48,40.724888
Southwest,2023,9,6,3,68,45.372845
Southwest,2023,9,2,0,20,18.478115
Southwest,2023,9,4,0,19,17.308676
Southwest,2023,9,7,1,25,23.851927
Southwest,2023,9,5,3,43,42.11404
Southwest,2023,9,1,1,26,23.486065
Southwest,2023,9,5,0,21,17.46018
Southwest,2023,10,6,1,40,29.650288
Southwest,2023,10,4,2,47,39.696106
Southwest,2023,10,2,0,28,18.112091
Southwest,2023,10,1,2,62,38.87933
Southwest,2023,10,6,3,44,50.40483
Southwest,2023,10,1,1,40,24.555626
Southwest,2023,10,6,2,47,46.659325
Southwest,2023,10,2,1,34,26.293533
Southwest,2023,10,6,0,15,20.673777
Southwest,2023,10,5,3,44,41.48537
Southwest,2023,10,3,2,50,38.442406
Southwest,2023,10,7,2,42,45.46412
Southwest,2023,10,5,2,41,40.007504
Southwest,2023,10,1,0,37,26.259832
Southwest,2023,10,3,1,29,25.754087
Southwest,2023,10,3,0,24,16.28952
Southwest,2023,10,5,0,20,16.988983
Southwest,2023,10,2,3,63,40.290424
Southwest,2023,10,5,1,21,26.505625
Southwest,2023,10,7,0,24,25.403835
Southwest,2023,10,4,3,47,41.173973
Southwest,2023,10,7,3,50,51.58289
Southwest,2023,10,3,3,63,39.965435
Southwest,2023,10,4,1,35,26.194225
Southwest,2023,10,2,2,57,38.793354
Southwest,2023,10,7,1,23,27.8698
Southwest,2023,10,1,3,56,43.177258
Southwest,2023,10,4,0,20,16.527542
Southwest,2023,11,4,0,27,16.05445
Southwest,2023,11,4,2,73,40.09134
Southwest,2023,11,5,2,53,39.060966
Southwest,2023,11,6,0,19,15.232965
Southwest,2023,11,3,2,56,40.008442
Southwest,2023,11,1,2,29,37.744907
Southwest,2023,11,5,3,44,40.46313
Southwest,2023,11,2,3,36,41.375507
Southwest,2023,11,1,3,46,41.344284
Southwest,2023,11,3,1,29,26.863441
Southwest,2023,11,1,1,20,22.977104
Southwest,2023,11,4,3,44,41.493504
Southwest,2023,11,7,3,44,39.67421
Southwest,2023,11,6,1,15,24.29926
Southwest,2023,11,7,1,21,21.459509
Southwest,2023,11,6,3,53,41.25003
Southwest,2023,11,2,0,21,18.090786
Southwest,2023,11,2,1,22,26.955067
Southwest,2023,11,3,3,69,41.45577
Southwest,2023,11,1,0,19,23.7408
Southwest,2023,11,5,0,22,15.156696
Southwest,2023,11,5,1,48,25.277239
Southwest,2023,11,7,2,42,35.137787
Southwest,2023,11,7,0,24,18.952902
Southwest,2023,11,3,0,14,16.716036
Southwest,2023,11,2,2,34,39.95414
Southwest,2023,11,6,2,46,38.464024
Southwest,2023,11,4,1,28,26.40397
Southwest,2023,12,2,2,34,35.360405
Southwest,2023,12,7,2,52,38.551174
Southwest,2023,12,6,0,21,17.557673
Southwest,2023,12,4,1,29,27.024305
Southwest,2023,12,3,3,39,38.45052
Southwest,2023,12,1,3,51,35.389954
Southwest,2023,12,2,3,50,36.95822
Southwest,2023,12,6,3,40,46.45861
Southwest,2023,12,2,1,17,24.374826
Southwest,2023,12,2,0,20,14.628831
Southwest,2023,12,5,2,50,41.9554
Southwest,2023,12,5,0,7,16.915148
Southwest,2023,12,1,0,17,19.472431
Southwest,2023,12,1,1,35,20.334358
Southwest,2023,12,4,2,40,41.930794
Southwest,2023,12,3,0,13,15.226096
Southwest,2023,12,7,3,60,42.672962
Southwest,2023,12,4,3,39,43.266857
Southwest,2023,12,5,1,22,26.952545
Southwest,2023,12,4,0,10,16.757927
Southwest,2023,12,1,2,44,33.088665
Southwest,2023,12,3,1,32,25.290354
Southwest,2023,12,7,0,23,20.51353
Southwest,2023,12,6,2,58,43.738705
Southwest,2023,12,3,2,36,37.069294
Southwest,2023,12,7,1,32,23.239681
Southwest,2023,12,6,1,39,26.84351
Southwest,2023,12,5,3,37,43.291462
Topanga,2023,1,6,1,13,19.35264
Topanga,2023,1,1,1,15,15.12043
Topanga,2023,1,3,1,18,14.750356
Topanga,2023,1,4,1,13,17.90245
Topanga,2023,1,6,3,28,36.503006
Topanga,2023,1,5,1,18,16.004519
Topanga,2023,1,2,3,23,29.28076
Topanga,2023,1,1,0,16,16.698277
Topanga,2023,1,5,3,26,29.98087
Topanga,2023,1,7,2,31,32.32217
Topanga,2023,1,2,1,16,16.793495
Topanga,2023,1,5,0,12,11.464744
Topanga,2023,1,3,2,33,26.55779
Topanga,2023,1,3,0,11,10.265431
Topanga,2023,1,2,2,36,29.099272
Topanga,2023,1,4,3,26,30.338524
Topanga,2023,1,2,0,13,13.008418
Topanga,2023,1,1,3,37,31.052792
Topanga,2023,1,7,3,23,34.22837
Topanga,2023,1,4,2,27,31.279459
Topanga,2023,1,3,3,26,27.56262
Topanga,2023,1,6,0,17,15.354955
Topanga,2023,1,7,0,10,17.713726
Topanga,2023,1,4,0,4,13.380045
Topanga,2023,1,6,2,29,36.447575
Topanga,2023,1,5,2,24,29.381527
Topanga,2023,1,1,2,33,29.337162
Topanga,2023,1,7,1,15,18.11384
Topanga,2023,2,1,3,28,28.862726
Topanga,2023,2,4,2,37,27.71639
Topanga,2023,2,5,0,9,10.322891
Topanga,2023,2,1,0,16,15.785008
Topanga,2023,2,2,1,15,15.820158
Topanga,2023,2,3,2,39,27.139406
Topanga,2023,2,2,0,7,11.986575
Topanga,2023,2,3,1,22,15.607763
Topanga,2023,2,4,0,12,10.672
Topanga,2023,2,2,3,18,27.78329
Topanga,2023,2,6,1,28,15.778591
Topanga,2023,2,5,2,35,27.38465
Topanga,2023,2,7,3,26,31.757198
Topanga,2023,2,4,1,19,15.242912
Topanga,2023,2,3,3,31,27.574852
Topanga,2023,2,5,1,17,14.91117
Topanga,2023,2,2,2,27,27.351652
Topanga,2023,2,7,1,15,16.689098
Topanga,2023,2,6,3,25,31.078627
Topanga,2023,2,7,0,6,16.240475
Topanga,2023,2,6,2,41,30.431528
Topanga,2023,2,1,2,30,27.000359
Topanga,2023,2,1,1,10,14.255664
Topanga,2023,2,4,3,28,28.151836
Topanga,2023,2,7,2,33,29.597265
Topanga,2023,2,5,3,25,27.820095
Topanga,2023,2,6,0,13,11.732406
Topanga,2023,2,3,0,18,11.074341
Topanga,2023,3,5,0,16,11.051942
Topanga,2023,3,4,2,44,30.024715
Topanga,2023,3,3,2,25,29.571835
Topanga,2023,3,3,1,13,17.52196
Topanga,2023,3,1,2,21,27.554596
Topanga,2023,3,6,2,47,29.73427
Topanga,2023,3,2,0,15,13.221945
Topanga,2023,3,5,2,35,28.489447
Topanga,2023,3,7,0,16,14.243897
Topanga,2023,3,5,1,15,15.629364
Topanga,2023,3,2,1,23,17.147429
Topanga,2023,3,3,3,31,29.903465
Topanga,2023,3,1,0,7,15.934908
Topanga,2023,3,4,0,12,12.539309
Topanga,2023,3,6,3,53,30.169172
Topanga,2023,3,7,3,39,28.84514
Topanga,2023,3,6,0,13,10.895958
Topanga,2023,3,1,3,28,28.961868
Topanga,2023,3,3,0,15,12.896638
Topanga,2023,3,4,3,32,30.356346
Topanga,2023,3,7,2,48,27.135115
Topanga,2023,3,4,1,26,17.16463
Topanga,2023,3,7,1,9,14.692518
Topanga,2023,3,5,3,41,29.050228
Topanga,2023,3,1,1,10,14.405563
Topanga,2023,3,2,2,28,29.197155
Topanga,2023,3,2,3,15,29.501278
Topanga,2023,3,6,1,23,15.036458
Topanga,2023,4,6,1,17,16.830572
Topanga,2023,4,6,3,43,31.998154
Topanga,2023,4,4,1,21,15.322281
Topanga,2023,4,3,1,13,15.205527
Topanga,2023,4,4,3,37,28.070232
Topanga,2023,4,2,2,26,27.11226
Topanga,2023,4,1,0,19,15.073258
Topanga,2023,4,4,0,6,10.696957
Topanga,2023,4,7,3,39,30.949633
Topanga,2023,4,5,1,20,16.893791
Topanga,2023,4,3,3,38,27.011639
Topanga,2023,4,5,2,25,29.509514
Topanga,2023,4,1,3,34,27.387447
Topanga,2023,4,7,1,27,16.43653
Topanga,2023,4,2,1,15,15.438526
Topanga,2023,4,5,0,14,12.316367
Topanga,2023,4,1,1,17,13.406539
Topanga,2023,4,5,3,25,29.64174
Topanga,2023,4,3,2,17,26.879412
Topanga,2023,4,6,0,13,12.690071
Topanga,2023,4,1,2,29,26.179579
Topanga,2023,4,7,2,49,29.439013
Topanga,2023,4,2,3,20,27.21698
Topanga,2023,4,2,0,11,11.650415
Topanga,2023,4,4,2,41,27.938005
Topanga,2023,4,7,0,18,15.987907
Topanga,2023,4,6,2,37,31.762657
Topanga,2023,4,3,0,10,10.717577
Topanga,2023,5,5,0,15,12.148412
Topanga,2023,5,2,2,50,29.269352
Topanga,2023,5,1,2,27,29.012327
Topanga,2023,5,1,0,15,17.783356
Topanga,2023,5,7,3,34,33.94691
Topanga,2023,5,4,2,61,28.64386
Topanga,2023,5,6,3,35,31.975365
Topanga,2023,5,6,0,13,13.161492
Topanga,2023,5,4,3,42,29.047691
Topanga,2023,5,3,2,42,28.04326
Topanga,2023,5,3,0,18,12.21737
Topanga,2023,5,7,1,9,17.589277
Topanga,2023,5,1,1,13,16.496273
Topanga,2023,5,6,2,35,31.46828
Topanga,2023,5,2,1,24,18.031424
Topanga,2023,5,5,2,28,28.603306
Topanga,2023,5,6,1,7,16.716145
Topanga,2023,5,4,0,13,12.141062
Topanga,2023,5,3,1,19,16.39001
Topanga,2023,5,7,0,11,16.35061
Topanga,2023,5,4,1,16,16.180542
Topanga,2023,5,7,2,22,30.893888
Topanga,2023,5,5,3,38,29.007137
Topanga,2023,5,1,3,22,31.762623
Topanga,2023,5,3,3,44,28.447092
Topanga,2023,5,2,0,15,13.963981
Topanga,2023,5,5,1,9,16.139984
Topanga,2023,5,2,3,30,30.274473
Topanga,2023,6,2,1,13,18.00918
Topanga,2023,6,1,0,12,17.335606
Topanga,2023,6,2,2,25,29.36649
Topanga,2023,6,5,1,23,16.896502
Topanga,2023,6,2,0,16,13.745388
Topanga,2023,6,2,3,35,30.341585
Topanga,2023,6,7,3,29,30.973818
Topanga,2023,6,3,2,36,29.336384
Topanga,2023,6,3,3,29,30.338987
Topanga,2023,6,6,0,12,12.367068
Topanga,2023,6,5,0,6,12.703282
Topanga,2023,6,7,2,27,27.32114
Topanga,2023,6,3,0,11,12.810765
Topanga,2023,6,3,1,19,17.798944
Topanga,2023,6,6,2,42,30.090855
Topanga,2023,6,4,2,34,30.070148
Topanga,2023,6,6,3,31,31.349312
Topanga,2023,6,4,1,17,17.72264
Topanga,2023,6,5,2,61,29.24401
Topanga,2023,6,7,1,17,14.916374
Topanga,2023,6,1,3,27,30.185987
Topanga,2023,6,5,3,35,30.39921
Topanga,2023,6,1,1,12,14.476879
Topanga,2023,6,4,0,16,12.734457
Topanga,2023,6,6,1,23,15.96231
Topanga,2023,6,7,0,17,15.2493515
Topanga,2023,6,1,2,33,26.836061
Topanga,2023,6,4,3,29,31.225348
Topanga,2023,7,7,0,18,17.354052
Topanga,2023,7,3,3,28,29.01619
Topanga,2023,7,3,0,8,12.222344
Topanga,2023,7,4,1,9,16.787172
Topanga,2023,7,6,0,7,14.7798395
Topanga,2023,7,4,3,32,30.197079
Topanga,2023,7,6,1,16,19.169228
Topanga,2023,7,4,0,11,12.238448
Topanga,2023,7,2,3,24,29.018787
Topanga,2023,7,5,1,19,16.788635
Topanga,2023,7,5,0,11,12.287815
Topanga,2023,7,7,3,53,33.524643
Topanga,2023,7,2,2,38,28.043692
Topanga,2023,7,3,1,16,16.568949
Topanga,2023,7,5,3,32,30.198542
Topanga,2023,7,1,3,32,29.61065
Topanga,2023,7,2,0,19,13.156967
Topanga,2023,7,7,1,31,17.754185
Topanga,2023,7,7,2,38,30.60508
Topanga,2023,7,6,2,24,34.464348
Topanga,2023,7,1,2,44,26.99383
Topanga,2023,7,4,2,39,29.04188
Topanga,2023,7,6,3,33,35.722813
Topanga,2023,7,3,2,33,28.013586
Topanga,2023,7,2,1,25,16.779184
Topanga,2023,7,1,0,17,16.976341
Topanga,2023,7,5,2,26,29.043343
Topanga,2023,7,1,1,14,14.850722
Topanga,2023,8,5,0,10,12.005215
Topanga,2023,8,3,2,44,28.041035
Topanga,2023,8,4,1,21,16.504568
Topanga,2023,8,6,3,46,31.790743
Topanga,2023,8,7,3,30,30.97133
Topanga,2023,8,3,3,43,29.101837
Topanga,2023,8,4,3,37,29.942986
Topanga,2023,8,3,1,24,16.626085
Topanga,2023,8,2,1,19,17.388315
Topanga,2023,8,7,0,7,15.057484
Topanga,2023,8,1,3,28,30.252245
Topanga,2023,8,6,1,9,16.018742
Topanga,2023,8,1,0,13,17.585472
Topanga,2023,8,5,1,32,16.506031
Topanga,2023,8,1,1,10,15.459855
Topanga,2023,8,1,2,30,27.409725
Topanga,2023,8,7,2,42,27.99356
Topanga,2023,8,6,0,12,11.976811
Topanga,2023,8,6,2,39,30.474085
Topanga,2023,8,5,2,52,28.73105
Topanga,2023,8,4,0,13,11.955848
Topanga,2023,8,3,0,15,12.279487
Topanga,2023,8,5,3,35,29.944448
Topanga,2023,8,7,1,22,15.457616
Topanga,2023,8,4,2,38,28.729588
Topanga,2023,8,2,3,32,29.660383
Topanga,2023,8,2,0,8,13.7661
Topanga,2023,8,2,2,42,28.459587
Topanga,2023,9,4,3,19,30.133776
Topanga,2023,9,1,0,15,16.098465
Topanga,2023,9,5,2,32,28.871239
Topanga,2023,9,7,2,47,27.958458
Topanga,2023,9,4,0,15,11.900862
Topanga,2023,9,4,1,8,16.522018
Topanga,2023,9,6,1,21,16.104948
Topanga,2023,9,6,0,11,11.990582
Topanga,2023,9,7,3,63,30.98683
Topanga,2023,9,6,3,43,32.192303
Topanga,2023,9,2,2,29,27.057493
Topanga,2023,9,1,3,44,28.76076
Topanga,2023,9,3,1,27,16.032026
Topanga,2023,9,7,1,22,14.978478
Topanga,2023,9,3,0,21,11.612991
Topanga,2023,9,3,3,36,28.269754
Topanga,2023,9,5,0,8,11.950229
Topanga,2023,9,1,2,29,26.007631
Topanga,2023,9,1,1,15,14.045288
Topanga,2023,9,5,1,14,16.523481
Topanga,2023,9,7,0,15,14.505912
Topanga,2023,9,5,3,33,30.135239
Topanga,2023,9,2,1,16,15.973744
Topanga,2023,9,3,2,37,27.15835
Topanga,2023,9,2,0,18,12.279097
Topanga,2023,9,2,3,28,28.168898
Topanga,2023,9,4,2,29,28.869776
Topanga,2023,9,6,2,56,30.825043
Topanga,2023,10,5,3,39,29.61876
Topanga,2023,10,5,2,31,28.40804
Topanga,2023,10,6,3,29,35.67801
Topanga,2023,10,6,0,8,13.899597
Topanga,2023,10,3,1,37,15.571099
Topanga,2023,10,2,1,23,15.748774
Topanga,2023,10,4,2,38,28.09664
Topanga,2023,10,4,1,23,15.803896
Topanga,2023,10,4,0,8,11.269426
Topanga,2023,10,6,1,21,18.01397
Topanga,2023,10,7,2,37,31.855991
Topanga,2023,10,7,3,36,35.69015
Topanga,2023,10,5,1,17,16.1153
Topanga,2023,10,3,2,51,26.642406
Topanga,2023,10,3,0,15,11.238746
Topanga,2023,10,7,1,19,17.503702
Topanga,2023,10,2,0,18,12.140808
Topanga,2023,10,5,0,13,11.628731
Topanga,2023,10,2,2,53,26.777504
Topanga,2023,10,1,0,12,17.91334
Topanga,2023,10,3,3,32,27.700531
Topanga,2023,10,7,0,10,17.03113
Topanga,2023,10,1,3,32,30.099903
Topanga,2023,10,4,3,33,29.30736
Topanga,2023,10,1,2,44,27.019793
Topanga,2023,10,6,2,40,33.885204
Topanga,2023,10,2,3,29,27.835629
Topanga,2023,10,1,1,16,15.112469
Topanga,2023,11,7,0,9,13.65129
Topanga,2023,11,6,1,27,15.429138
Topanga,2023,11,3,3,27,28.61099
Topanga,2023,11,3,0,16,12.029547
Topanga,2023,11,4,1,21,16.321323
Topanga,2023,11,1,1,18,14.312857
Topanga,2023,11,1,2,37,26.634747
Topanga,2023,11,2,0,9,12.733888
Topanga,2023,11,4,3,40,29.744642
Topanga,2023,11,2,3,38,28.590939
Topanga,2023,11,7,1,12,14.403198
Topanga,2023,11,6,0,16,11.314777
Topanga,2023,11,5,1,33,15.734708
Topanga,2023,11,1,0,19,16.327768
Topanga,2023,11,3,2,32,27.847555
Topanga,2023,11,3,1,31,16.5617
Topanga,2023,11,6,3,50,30.723806
Topanga,2023,11,2,2,40,27.827503
Topanga,2023,11,4,0,13,11.58705
Topanga,2023,11,5,0,17,11.127277
Topanga,2023,11,5,2,47,28.241997
Topanga,2023,11,4,2,53,28.828611
Topanga,2023,11,5,3,33,29.158028
Topanga,2023,11,1,3,23,28.25554
Topanga,2023,11,7,3,27,28.407675
Topanga,2023,11,6,2,38,29.704504
Topanga,2023,11,7,2,36,26.511637
Topanga,2023,11,2,1,21,16.541649
Topanga,2023,12,1,2,55,25.530678
Topanga,2023,12,3,3,35,28.16877
Topanga,2023,12,4,0,16,12.945158
Topanga,2023,12,1,0,6,13.432497
Topanga,2023,12,3,2,32,27.872744
Topanga,2023,12,7,1,27,15.92215
Topanga,2023,12,4,1,17,17.679422
Topanga,2023,12,2,1,22,15.438473
Topanga,2023,12,7,3,34,30.996706
Topanga,2023,12,6,1,17,17.674757
Topanga,2023,12,2,0,12,10.705979
Topanga,2023,12,1,1,19,12.954836
Topanga,2023,12,2,3,35,27.52394
Topanga,2023,12,5,2,34,32.431377
Topanga,2023,12,7,2,45,29.569569
Topanga,2023,12,5,0,5,12.895587
Topanga,2023,12,6,0,9,13.560392
Topanga,2023,12,3,0,4,11.467941
Topanga,2023,12,6,3,48,35.196995
Topanga,2023,12,6,2,58,34.812946
Topanga,2023,12,5,3,22,32.712154
Topanga,2023,12,3,1,20,16.000092
Topanga,2023,12,7,0,23,15.170242
Topanga,2023,12,4,2,28,32.607788
Topanga,2023,12,4,3,28,32.888565
Topanga,2023,12,1,3,35,26.767208
Topanga,2023,12,2,2,36,27.311123
Topanga,2023,12,5,1,22,17.503012
Van Nuys,2023,1,6,0,11,17.043
Van Nuys,2023,1,2,1,24,18.550362
Van Nuys,2023,1,3,3,39,27.879484
Van Nuys,2023,1,3,1,29,16.161707
Van Nuys,2023,1,1,2,31,29.495937
Van Nuys,2023,1,7,1,12,19.587309
Van Nuys,2023,1,2,0,13,14.877654
Van Nuys,2023,1,1,0,19,17.528841
Van Nuys,2023,1,4,0,20,15.297556
Van Nuys,2023,1,7,0,15,17.916399
Van Nuys,2023,1,5,0,13,13.840412
Van Nuys,2023,1,1,3,31,31.42578
Van Nuys,2023,1,2,3,24,29.891375
Van Nuys,2023,1,4,1,19,20.340502
Van Nuys,2023,1,5,2,28,30.350811
Van Nuys,2023,1,1,1,23,16.391205
Van Nuys,2023,1,6,2,37,36.277718
Van Nuys,2023,1,6,1,18,21.561224
Van Nuys,2023,1,2,2,59,29.424692
Van Nuys,2023,1,5,3,28,31.235348
Van Nuys,2023,1,7,3,34,34.517227
Van Nuys,2023,1,7,2,28,32.39681
Van Nuys,2023,1,3,0,13,11.156252
Van Nuys,2023,1,6,3,40,36.618347
Van Nuys,2023,1,4,3,28,31.316904
Van Nuys,2023,1,5,1,16,18.900724
Van Nuys,2023,1,3,2,35,26.58946
Van Nuys,2023,1,4,2,36,31.732964
Van Nuys,2023,2,2,1,25,17.496729
Van Nuys,2023,2,2,0,14,13.77552
Van Nuys,2023,2,4,2,37,28.379807
Van Nuys,2023,2,6,3,29,31.940516
Van Nuys,2023,2,6,1,26,17.489115
Van Nuys,2023,2,7,3,27,32.79262
Van Nuys,2023,2,3,2,42,27.865774
Van Nuys,2023,2,5,1,14,16.921276
Van Nuys,2023,2,6,2,38,31.159899
Van Nuys,2023,2,7,1,15,17.786716
Van Nuys,2023,2,5,0,17,11.812465
Van Nuys,2023,2,7,2,34,30.570133
Van Nuys,2023,2,1,1,12,15.44615
Van Nuys,2023,2,4,1,18,17.077696
Van Nuys,2023,2,3,3,28,28.434753
Van Nuys,2023,2,3,1,28,17.284334
Van Nuys,2023,2,4,3,38,28.948786
Van Nuys,2023,2,2,3,34,28.591436
Van Nuys,2023,2,3,0,13,12.230375
Van Nuys,2023,2,1,2,30,27.508326
Van Nuys,2023,2,2,2,33,28.026264
Van Nuys,2023,2,7,0,13,16.067307
Van Nuys,2023,2,5,2,36,28.281012
Van Nuys,2023,2,1,0,14,16.535282
Van Nuys,2023,2,6,0,14,12.922389
Van Nuys,2023,2,1,3,34,29.433245
Van Nuys,2023,2,5,3,32,28.84999
Van Nuys,2023,2,4,0,20,11.98625
Van Nuys,2023,3,3,2,27,30.674286
Van Nuys,2023,3,1,0,20,16.42077
Van Nuys,2023,3,4,3,43,31.549524
Van Nuys,2023,3,6,1,30,17.0248
Van Nuys,2023,3,7,0,10,13.904962
Van Nuys,2023,3,5,3,46,29.660557
Van Nuys,2023,3,6,3,30,30.97719
Van Nuys,2023,3,7,2,34,27.66356
Van Nuys,2023,3,5,0,11,12.305346
Van Nuys,2023,3,3,1,16,19.677942
Van Nuys,2023,3,2,2,44,30.076105
Van Nuys,2023,3,1,1,19,15.3316345
Van Nuys,2023,3,2,1,31,19.131666
Van Nuys,2023,3,6,0,20,12.363752
Van Nuys,2023,3,5,2,51,29.019258
Van Nuys,2023,3,1,3,18,29.111631
Van Nuys,2023,3,3,3,33,31.086433
Van Nuys,2023,3,7,3,28,29.38312
Van Nuys,2023,3,2,0,14,15.318553
Van Nuys,2023,3,7,1,19,15.624379
Van Nuys,2023,3,6,2,46,30.46179
Van Nuys,2023,3,1,2,22,27.694824
Van Nuys,2023,3,5,1,24,17.403305
Van Nuys,2023,3,4,1,27,19.420362
Van Nuys,2023,3,2,3,25,30.460745
Van Nuys,2023,3,3,0,14,14.532081
Van Nuys,2023,3,4,2,37,31.137377
Van Nuys,2023,3,4,0,19,14.2745
Van Nuys,2023,4,7,1,31,17.511755
Van Nuys,2023,4,4,2,32,28.683767
Van Nuys,2023,4,3,0,16,12.254206
Van Nuys,2023,4,7,2,36,30.263912
Van Nuys,2023,4,2,3,36,28.527416
Van Nuys,2023,4,5,3,43,30.46802
Van Nuys,2023,4,4,1,22,17.357752
Van Nuys,2023,4,6,0,12,14.301231
Van Nuys,2023,4,7,3,35,31.78407
Van Nuys,2023,4,2,0,11,13.975629
Van Nuys,2023,4,2,2,29,28.34218
Van Nuys,2023,4,1,1,21,14.698591
Van Nuys,2023,4,6,2,26,32.786636
Van Nuys,2023,4,3,1,22,17.40007
Van Nuys,2023,4,5,1,16,18.92926
Van Nuys,2023,4,5,0,17,13.831297
Van Nuys,2023,4,1,3,19,27.88818
Van Nuys,2023,4,4,0,5,12.211886
Van Nuys,2023,4,3,3,27,28.218159
Van Nuys,2023,4,3,2,35,28.005415
Van Nuys,2023,4,1,2,49,26.670776
Van Nuys,2023,4,6,1,17,18.962273
Van Nuys,2023,4,5,2,35,30.255276
Van Nuys,2023,4,1,0,16,15.787724
Van Nuys,2023,4,2,1,14,17.78874
Van Nuys,2023,4,4,3,45,28.896511
Van Nuys,2023,4,7,0,24,15.79234
Van Nuys,2023,4,6,3,29,33.102634
Van Nuys,2023,5,7,2,30,32.18671
Van Nuys,2023,5,1,2,17,29.754229
Van Nuys,2023,5,1,0,19,19.525972
Van Nuys,2023,5,6,1,15,18.679197
Van Nuys,2023,5,7,3,41,35.250336
Van Nuys,2023,5,1,1,15,18.091385
Van Nuys,2023,5,4,2,34,29.241133
Van Nuys,2023,5,7,1,21,19.26129
Van Nuys,2023,5,6,0,18,15.077081
Van Nuys,2023,5,3,3,48,29.28896
Van Nuys,2023,5,5,2,35,29.200579
Van Nuys,2023,5,4,3,35,29.726542
Van Nuys,2023,5,7,0,16,17.194906
Van Nuys,2023,5,3,1,17,18.198683
Van Nuys,2023,5,2,3,44,31.220257
Van Nuys,2023,5,3,2,44,28.803553
Van Nuys,2023,5,2,1,21,20.06828
Van Nuys,2023,5,6,3,41,32.93243
Van Nuys,2023,5,2,0,13,16.730928
Van Nuys,2023,5,5,3,28,29.685984
Van Nuys,2023,5,6,2,29,32.34375
Van Nuys,2023,5,3,0,14,13.978578
Van Nuys,2023,5,5,0,10,13.967768
Van Nuys,2023,5,4,0,11,13.960418
Van Nuys,2023,5,1,3,42,32.515114
Van Nuys,2023,5,2,2,43,30.13356
Van Nuys,2023,5,5,1,18,18.006804
Van Nuys,2023,5,4,1,24,18.047361
Van Nuys,2023,6,3,3,34,31.323082
Van Nuys,2023,6,7,0,17,16.010656
Van Nuys,2023,6,5,3,49,31.220285
Van Nuys,2023,6,5,2,37,29.983511
Van Nuys,2023,6,4,2,30,30.809649
Van Nuys,2023,6,4,0,11,14.732639
Van Nuys,2023,6,4,3,44,32.04642
Van Nuys,2023,6,3,1,23,19.786442
Van Nuys,2023,6,3,2,24,30.238903
Van Nuys,2023,6,4,1,18,19.768284
Van Nuys,2023,6,1,0,16,19.101376
Van Nuys,2023,6,2,0,16,16.53549
Van Nuys,2023,6,1,3,37,30.925037
Van Nuys,2023,6,2,1,29,20.06919
Van Nuys,2023,6,5,0,27,14.701465
Van Nuys,2023,6,2,3,34,31.273924
Van Nuys,2023,6,6,3,44,32.06776
Van Nuys,2023,6,6,2,52,30.727724
Van Nuys,2023,6,5,1,39,18.942146
Van Nuys,2023,6,6,1,21,17.842373
Van Nuys,2023,6,2,2,33,30.217253
Van Nuys,2023,6,6,0,16,14.199668
Van Nuys,2023,6,1,2,28,27.500607
Van Nuys,2023,6,7,1,19,16.44149
Van Nuys,2023,6,7,3,26,32.038612
Van Nuys,2023,6,1,1,17,16.031237
Van Nuys,2023,6,7,2,34,28.311447
Van Nuys,2023,6,3,0,8,14.750799
Van Nuys,2023,7,5,2,27,29.84319
Van Nuys,2023,7,2,3,29,30.065569
Van Nuys,2023,7,4,0,13,14.247248
Van Nuys,2023,7,5,0,17,14.296615
Van Nuys,2023,7,6,1,15,21.319616
Van Nuys,2023,7,3,3,37,30.114727
Van Nuys,2023,7,1,0,34,18.84514
Van Nuys,2023,7,7,2,50,32.007706
Van Nuys,2023,7,6,0,16,16.882767
Van Nuys,2023,7,7,0,23,18.527678
Van Nuys,2023,7,2,2,37,29.047215
Van Nuys,2023,7,3,2,23,29.068865
Van Nuys,2023,7,1,3,36,30.587414
Van Nuys,2023,7,6,2,35,35.371555
Van Nuys,2023,7,5,3,34,31.041647
Van Nuys,2023,7,4,1,24,18.843433
Van Nuys,2023,7,3,1,17,18.659475
Van Nuys,2023,7,4,2,18,29.841726
Van Nuys,2023,7,2,0,16,16.050097
Van Nuys,2023,7,2,1,26,18.942223
Van Nuys,2023,7,5,1,16,18.844896
Van Nuys,2023,7,3,0,16,14.265408
Van Nuys,2023,7,6,3,40,37.070538
Van Nuys,2023,7,7,3,48,35.36071
Van Nuys,2023,7,4,3,36,31.040184
Van Nuys,2023,7,1,1,19,16.508108
Van Nuys,2023,7,7,1,25,19.691616
Van Nuys,2023,7,1,2,30,27.934406
Van Nuys,2023,8,3,2,35,29.070456
Van Nuys,2023,8,5,2,45,29.702114
Van Nuys,2023,8,7,0,20,16.447104
Van Nuys,2023,8,4,3,30,31.001661
Van Nuys,2023,8,2,0,13,16.678146
Van Nuys,2023,8,3,3,35,30.21887
Van Nuys,2023,8,6,2,29,31.552505
Van Nuys,2023,8,1,2,23,28.324444
Van Nuys,2023,8,3,1,29,18.73553
Van Nuys,2023,8,2,2,34,29.437252
Van Nuys,2023,8,1,1,13,17.136158
Van Nuys,2023,8,2,1,23,19.570272
Van Nuys,2023,8,7,1,16,17.611042
Van Nuys,2023,8,5,0,19,14.230005
Van Nuys,2023,8,7,3,32,32.63322
Van Nuys,2023,8,4,2,45,29.700651
Van Nuys,2023,8,3,0,11,14.341466
Van Nuys,2023,8,1,0,22,19.47319
Van Nuys,2023,8,2,3,29,30.72566
Van Nuys,2023,8,4,0,15,14.180638
Van Nuys,2023,8,5,3,37,31.003124
Van Nuys,2023,8,5,1,20,18.778286
Van Nuys,2023,8,4,1,18,18.776823
Van Nuys,2023,8,6,1,23,18.385124
Van Nuys,2023,8,6,3,41,32.9643
Van Nuys,2023,8,1,3,21,31.247505
Van Nuys,2023,8,7,2,29,29.567404
Van Nuys,2023,8,6,0,13,14.295729
Van Nuys,2023,9,4,2,23,29.817816
Van Nuys,2023,9,3,3,33,29.806284
Van Nuys,2023,9,5,2,34,29.819279
Van Nuys,2023,9,4,1,22,18.757029
Van Nuys,2023,9,7,2,43,29.299765
Van Nuys,2023,9,4,0,12,14.088407
Van Nuys,2023,9,3,1,25,18.400366
Van Nuys,2023,9,2,0,16,15.450038
Van Nuys,2023,9,2,2,27,28.438744
Van Nuys,2023,9,1,3,32,30.175516
Van Nuys,2023,9,1,1,15,15.98048
Van Nuys,2023,9,1,0,14,18.245077
Van Nuys,2023,9,1,2,28,27.325935
Van Nuys,2023,9,2,1,8,18.414595
Van Nuys,2023,9,3,2,35,28.591356
Van Nuys,2023,9,5,1,31,18.758492
Van Nuys,2023,9,7,1,18,16.952671
Van Nuys,2023,9,6,0,11,14.272254
Van Nuys,2023,9,4,3,30,31.185339
Van Nuys,2023,9,6,1,27,18.434086
Van Nuys,2023,9,5,0,12,14.1377735
Van Nuys,2023,9,2,3,23,29.653671
Van Nuys,2023,9,7,0,24,15.716296
Van Nuys,2023,9,3,0,15,13.933864
Van Nuys,2023,9,6,2,44,31.812918
Van Nuys,2023,9,5,3,37,31.186802
Van Nuys,2023,9,7,3,43,32.432095
Van Nuys,2023,9,6,3,43,33.291225
Van Nuys,2023,10,5,3,27,30.670322
Van Nuys,2023,10,5,0,17,13.816276
Van Nuys,2023,10,3,1,17,17.861403
Van Nuys,2023,10,7,2,18,33.554554
Van Nuys,2023,10,3,2,26,27.997375
Van Nuys,2023,10,1,0,15,19.981915
Van Nuys,2023,10,4,2,37,29.04468
Van Nuys,2023,10,4,1,25,18.03891
Van Nuys,2023,10,6,2,20,35.230354
Van Nuys,2023,10,6,1,24,20.700378
Van Nuys,2023,10,2,0,14,15.233712
Van Nuys,2023,10,7,3,33,38.208782
Van Nuys,2023,10,7,1,20,19.835161
Van Nuys,2023,10,7,0,19,18.508223
Van Nuys,2023,10,5,1,29,18.35031
Van Nuys,2023,10,2,2,39,28.080717
Van Nuys,2023,10,1,2,41,28.26006
Van Nuys,2023,10,6,0,16,16.447979
Van Nuys,2023,10,5,2,32,29.35608
Van Nuys,2023,10,6,3,36,37.850285
Van Nuys,2023,10,4,0,10,13.456971
Van Nuys,2023,10,2,3,39,29.242365
Van Nuys,2023,10,3,3,41,29.159023
Van Nuys,2023,10,3,0,10,13.481581
Van Nuys,2023,10,1,1,19,16.969622
Van Nuys,2023,10,4,3,28,30.358923
Van Nuys,2023,10,2,1,23,18.111586
Van Nuys,2023,10,1,3,32,31.436623
Van Nuys,2023,11,1,1,14,16.111164
Van Nuys,2023,11,7,3,34,29.438686
Van Nuys,2023,11,2,0,8,15.893993
Van Nuys,2023,11,5,3,53,30.40894
Van Nuys,2023,11,6,0,20,13.502224
Van Nuys,2023,11,6,1,19,17.664055
Van Nuys,2023,11,7,2,37,27.438683
Van Nuys,2023,11,3,1,21,18.919207
Van Nuys,2023,11,1,3,25,29.59226
Van Nuys,2023,11,7,0,20,14.677338
Van Nuys,2023,11,4,2,61,29.976
Van Nuys,2023,11,7,1,13,16.193056
Van Nuys,2023,11,3,3,26,30.195534
Van Nuys,2023,11,4,0,18,13.915095
Van Nuys,2023,11,1,0,15,18.3375
Van Nuys,2023,11,2,2,30,29.256767
Van Nuys,2023,11,6,3,30,31.545523
Van Nuys,2023,11,5,2,39,29.389385
Van Nuys,2023,11,5,1,22,18.11022
Van Nuys,2023,11,6,2,47,30.415194
Van Nuys,2023,11,2,3,22,30.123726
Van Nuys,2023,11,4,3,36,30.995554
Van Nuys,2023,11,1,2,34,27.875013
Van Nuys,2023,11,3,0,11,14.339584
Van Nuys,2023,11,4,1,28,18.696835
Van Nuys,2023,11,2,1,13,18.971666
Van Nuys,2023,11,5,0,12,13.455322
Van Nuys,2023,11,3,2,31,29.328575
Van Nuys,2023,12,4,3,34,34.500305
Van Nuys,2023,12,7,0,18,15.598383
Van Nuys,2023,12,6,1,22,19.464422
Van Nuys,2023,12,3,3,40,29.403702
Van Nuys,2023,12,2,2,26,27.97234
Van Nuys,2023,12,3,0,12,13.755572
Van Nuys,2023,12,2,1,12,17.846083
Van Nuys,2023,12,6,2,57,35.67159
Van Nuys,2023,12,4,0,8,15.040851
Van Nuys,2023,12,2,3,21,28.28868
Van Nuys,2023,12,6,3,51,36.166676
Van Nuys,2023,12,1,1,23,14.730736
Van Nuys,2023,12,5,2,35,34.14061
Van Nuys,2023,12,3,1,22,18.335192
Van Nuys,2023,12,5,1,14,19.847187
Van Nuys,2023,12,6,0,10,15.302588
Van Nuys,2023,12,1,2,35,26.002897
Van Nuys,2023,12,1,0,13,15.267064
Van Nuys,2023,12,2,0,12,13.584536
Van Nuys,2023,12,5,3,22,34.52491
Van Nuys,2023,12,4,1,13,19.822584
Van Nuys,2023,12,1,3,30,27.153835
Van Nuys,2023,12,7,2,30,30.491903
Van Nuys,2023,12,3,2,27,29.004152
Van Nuys,2023,12,5,0,13,15.192294
Van Nuys,2023,12,7,3,38,31.84095
Van Nuys,2023,12,7,1,22,17.114103
Van Nuys,2023,12,4,2,33,34.116005
West LA,2023,1,5,3,39,33.480053
West LA,2023,1,6,3,37,40.439
West LA,2023,1,3,3,32,30.479017
West LA,2023,1,3,1,27,19.220127
West LA,2023,1,1,0,14,17.426067
West LA,2023,1,3,2,42,31.427797
West LA,2023,1,3,0,7,11.608739
West LA,2023,1,2,0,14,14.488998
West LA,2023,1,4,1,19,22.047482
West LA,2023,1,7,3,36,38.001762
West LA,2023,1,5,2,31,33.90982
West LA,2023,1,6,2,44,40.910145
West LA,2023,1,7,1,20,19.963903
West LA,2023,1,2,3,45,32.4693
West LA,2023,1,1,1,25,17.865875
West LA,2023,1,4,0,17,14.398603
West LA,2023,1,1,2,59,33.224293
West LA,2023,1,5,1,15,21.03464
West LA,2023,1,2,1,19,20.767637
West LA,2023,1,1,3,38,33.790672
West LA,2023,1,2,2,44,33.421894
West LA,2023,1,4,2,44,34.86504
West LA,2023,1,7,0,24,17.375746
West LA,2023,1,6,1,18,23.695139
West LA,2023,1,4,3,41,33.561623
West LA,2023,1,5,0,5,13.368397
West LA,2023,1,7,2,46,36.63728
West LA,2023,1,6,0,12,16.830385
West LA,2023,2,1,0,12,16.70027
West LA,2023,2,3,1,19,19.8785
West LA,2023,2,4,2,35,32.03557
West LA,2023,2,1,2,51,31.140944
West LA,2023,2,6,1,21,20.08328
West LA,2023,2,2,2,36,32.03685
West LA,2023,2,3,3,30,30.825764
West LA,2023,2,5,2,39,31.93677
West LA,2023,2,4,1,18,19.671862
West LA,2023,2,6,2,52,35.66688
West LA,2023,2,6,3,39,35.33047
West LA,2023,2,7,0,13,16.087214
West LA,2023,2,4,3,33,30.984962
West LA,2023,2,3,2,40,31.87636
West LA,2023,2,5,1,27,19.515442
West LA,2023,2,4,0,11,11.974483
West LA,2023,2,6,0,15,13.170021
West LA,2023,2,2,3,49,30.982445
West LA,2023,2,7,1,20,18.723871
West LA,2023,2,2,1,13,20.090895
West LA,2023,2,7,2,33,34.785484
West LA,2023,2,1,1,21,17.18858
West LA,2023,2,2,0,13,13.763753
West LA,2023,2,1,3,39,31.61125
West LA,2023,2,3,0,16,12.218608
West LA,2023,2,7,3,33,36.184998
West LA,2023,2,5,0,13,11.800697
West LA,2023,2,5,3,42,30.886168
West LA,2023,3,4,1,23,22.07547
West LA,2023,3,5,3,46,32.349087
West LA,2023,3,3,3,24,34.12979
West LA,2023,3,7,3,40,32.77549
West LA,2023,3,2,3,35,33.504097
West LA,2023,3,4,3,42,34.238052
West LA,2023,3,2,1,19,21.786774
West LA,2023,3,5,0,12,12.354519
West LA,2023,3,1,2,34,31.717844
West LA,2023,3,1,1,27,17.060553
West LA,2023,3,3,2,38,35.14973
West LA,2023,3,3,1,19,22.33305
West LA,2023,3,7,0,19,14.040471
West LA,2023,3,2,0,10,15.367726
West LA,2023,3,6,0,13,12.672325
West LA,2023,3,5,2,57,33.139877
West LA,2023,3,6,1,19,19.679905
West LA,2023,3,1,3,27,31.693537
West LA,2023,3,4,2,42,35.25799
West LA,2023,3,3,0,11,14.581254
West LA,2023,3,7,2,24,31.99451
West LA,2023,3,7,1,11,16.677137
West LA,2023,3,4,0,13,14.323673
West LA,2023,3,6,2,50,35.029705
West LA,2023,3,6,3,51,34.61557
West LA,2023,3,5,1,18,20.058414
West LA,2023,3,1,0,12,16.572243
West LA,2023,3,2,2,32,34.551548
West LA,2023,4,5,0,9,13.88047
West LA,2023,4,1,2,33,30.69378
West LA,2023,4,1,0,18,15.939194
West LA,2023,4,3,0,11,12.303379
West LA,2023,4,3,3,32,31.383194
West LA,2023,4,7,3,36,35.49895
West LA,2023,4,4,2,43,32.80438
West LA,2023,4,5,1,22,21.584368
West LA,2023,4,6,3,35,37.063526
West LA,2023,4,7,0,26,16.017672
West LA,2023,4,2,0,3,14.024802
West LA,2023,4,2,2,21,32.817627
West LA,2023,4,6,0,10,14.699623
West LA,2023,4,4,0,11,12.26106
West LA,2023,4,3,1,13,20.055178
West LA,2023,4,3,2,40,32.480858
West LA,2023,4,1,3,33,30.591772
West LA,2023,4,6,1,23,21.7072
West LA,2023,4,4,3,33,31.706713
West LA,2023,4,7,1,18,18.654331
West LA,2023,4,7,2,51,34.79569
West LA,2023,4,2,1,21,20.443848
West LA,2023,4,5,2,31,34.37588
West LA,2023,4,2,3,30,31.69245
West LA,2023,4,1,1,18,16.427504
West LA,2023,4,6,2,42,37.555378
West LA,2023,4,5,3,36,33.278225
West LA,2023,4,4,1,10,20.01286
West LA,2023,5,1,0,23,19.72698
West LA,2023,5,7,0,14,17.46977
West LA,2023,5,6,3,38,36.788876
West LA,2023,5,7,3,25,39.181843
West LA,2023,5,2,2,37,34.66503
West LA,2023,5,7,1,16,20.823528
West LA,2023,5,1,1,15,20.239964
West LA,2023,5,4,3,47,32.12713
West LA,2023,5,2,1,30,22.835388
West LA,2023,5,4,0,19,13.810698
West LA,2023,5,3,2,34,33.33503
West LA,2023,5,5,0,8,13.818048
West LA,2023,5,6,0,9,15.276579
West LA,2023,5,7,2,39,37.459984
West LA,2023,5,2,0,20,16.581211
West LA,2023,5,5,1,22,20.773912
West LA,2023,5,4,1,23,20.81447
West LA,2023,5,3,1,24,20.965792
West LA,2023,5,6,1,21,21.536123
West LA,2023,5,3,3,39,32.04438
West LA,2023,5,5,2,38,33.377224
West LA,2023,5,1,3,28,35.13013
West LA,2023,5,6,2,43,37.473724
West LA,2023,5,3,0,15,13.828857
West LA,2023,5,4,2,44,33.41778
West LA,2023,5,2,3,42,33.97567
West LA,2023,5,5,3,37,32.08657
West LA,2023,5,1,2,28,34.213554
West LA,2023,6,2,1,24,22.818851
West LA,2023,6,3,1,22,22.536104
West LA,2023,6,1,3,29,33.62434
West LA,2023,6,4,2,40,35.07059
West LA,2023,6,7,0,11,16.178257
West LA,2023,6,4,1,31,22.517946
West LA,2023,6,2,3,40,34.113632
West LA,2023,6,5,2,44,34.244442
West LA,2023,6,6,0,12,14.2919
West LA,2023,6,4,3,35,34.531307
West LA,2023,6,3,0,11,14.5836315
West LA,2023,6,7,1,22,17.780191
West LA,2023,6,4,0,8,14.565472
West LA,2023,6,6,2,49,35.65686
West LA,2023,6,7,3,34,35.769295
West LA,2023,6,6,1,23,20.592035
West LA,2023,6,2,2,37,34.833027
West LA,2023,6,1,0,8,19.284937
West LA,2023,6,3,3,31,34.162796
West LA,2023,6,7,2,34,33.54388
West LA,2023,6,6,3,52,35.72338
West LA,2023,6,5,1,26,21.691809
West LA,2023,6,5,0,10,14.534297
West LA,2023,6,2,0,12,16.368326
West LA,2023,6,3,2,42,34.85467
West LA,2023,6,1,1,21,18.046097
West LA,2023,6,1,2,37,32.204216
West LA,2023,6,5,3,53,33.70516
West LA,2023,7,1,1,31,18.522968
West LA,2023,7,1,2,35,32.63801
West LA,2023,7,2,2,52,33.662983
West LA,2023,7,4,0,5,14.08008
West LA,2023,7,2,3,37,32.90528
West LA,2023,7,3,1,24,21.409138
West LA,2023,7,7,3,52,39.091393
West LA,2023,7,5,0,6,14.129447
West LA,2023,7,3,0,10,14.09824
West LA,2023,7,6,2,44,40.3007
West LA,2023,7,7,2,54,37.240143
West LA,2023,7,4,1,17,21.593096
West LA,2023,7,3,2,31,33.684635
West LA,2023,7,2,1,26,21.691885
West LA,2023,7,1,3,49,33.286724
West LA,2023,7,7,1,31,21.030317
West LA,2023,7,4,2,31,34.10267
West LA,2023,7,2,0,19,15.882934
West LA,2023,7,1,0,17,19.028702
West LA,2023,7,6,0,15,16.975
West LA,2023,7,5,1,14,21.594559
West LA,2023,7,5,2,31,34.10413
West LA,2023,7,6,1,18,24.069279
West LA,2023,7,3,3,32,32.954437
West LA,2023,7,6,3,37,40.72616
West LA,2023,7,7,0,24,18.695274
West LA,2023,7,4,3,29,33.52507
West LA,2023,7,5,3,48,33.52653
West LA,2023,8,3,2,43,33.7095
West LA,2023,8,2,1,22,22.3432
West LA,2023,8,7,3,42,36.264942
West LA,2023,8,6,3,37,36.520958
West LA,2023,8,5,3,46,33.48801
West LA,2023,8,4,2,51,33.984863
West LA,2023,8,7,1,22,18.97301
West LA,2023,8,4,1,18,21.549751
West LA,2023,8,5,1,25,21.551214
West LA,2023,8,2,3,35,33.565376
West LA,2023,8,3,0,14,14.197564
West LA,2023,8,1,0,14,19.680017
West LA,2023,8,5,2,48,33.986324
West LA,2023,8,6,2,35,36.405952
West LA,2023,8,2,2,43,34.07629
West LA,2023,8,6,1,25,21.158052
West LA,2023,8,3,1,29,21.50846
West LA,2023,8,1,1,18,19.174284
West LA,2023,8,6,0,6,14.411226
West LA,2023,8,7,2,40,34.724144
West LA,2023,8,7,0,20,16.637968
West LA,2023,8,3,3,30,33.058586
West LA,2023,8,4,3,42,33.48655
West LA,2023,8,2,0,7,16.534246
West LA,2023,8,5,0,10,14.086103
West LA,2023,8,1,2,50,33.051315
West LA,2023,8,4,0,10,14.0367365
West LA,2023,8,1,3,36,33.94682
West LA,2023,9,2,3,29,32.49339
West LA,2023,9,4,1,24,21.529957
West LA,2023,9,3,2,41,33.2304
West LA,2023,9,5,1,21,21.53142
West LA,2023,9,5,0,11,13.993872
West LA,2023,9,1,1,18,18.018606
West LA,2023,9,1,2,34,32.05281
West LA,2023,9,7,2,45,34.22519
West LA,2023,9,6,2,36,36.666367
West LA,2023,9,1,0,18,18.451904
West LA,2023,9,3,0,12,13.789962
West LA,2023,9,6,0,14,14.387752
West LA,2023,9,2,0,4,15.306136
West LA,2023,9,6,3,32,36.847885
West LA,2023,9,3,3,35,32.646004
West LA,2023,9,5,2,45,34.10349
West LA,2023,9,4,3,34,33.670227
West LA,2023,9,4,2,30,34.102028
West LA,2023,9,6,1,28,21.207014
West LA,2023,9,1,3,33,32.874832
West LA,2023,9,4,0,16,13.944505
West LA,2023,9,7,1,17,18.083324
West LA,2023,9,7,0,17,15.675847
West LA,2023,9,5,3,27,33.671688
West LA,2023,9,3,1,15,21.173294
West LA,2023,9,2,2,26,33.077785
West LA,2023,9,7,3,45,35.8325
West LA,2023,9,2,1,25,21.187523
West LA,2023,10,1,2,46,32.98694
West LA,2023,10,2,2,44,32.719753
West LA,2023,10,7,2,47,38.81027
West LA,2023,10,3,1,19,20.63433
West LA,2023,10,3,3,29,31.998737
West LA,2023,10,1,0,25,20.188742
West LA,2023,10,6,1,28,23.473307
West LA,2023,10,6,3,31,41.505905
West LA,2023,10,4,0,4,13.313069
West LA,2023,10,2,0,20,15.08981
West LA,2023,10,2,3,48,32.082077
West LA,2023,10,1,3,29,34.135944
West LA,2023,10,4,1,31,20.811838
West LA,2023,10,2,1,26,20.884514
West LA,2023,10,5,3,27,33.1552
West LA,2023,10,5,1,21,21.123238
West LA,2023,10,6,0,22,16.563478
West LA,2023,10,4,2,29,33.328884
West LA,2023,10,7,3,48,41.939465
West LA,2023,10,5,0,19,13.672374
West LA,2023,10,5,2,38,33.64028
West LA,2023,10,3,2,45,32.63641
West LA,2023,10,7,0,12,18.699087
West LA,2023,10,3,0,17,13.337679
West LA,2023,10,4,3,32,32.843803
West LA,2023,10,6,2,43,40.182766
West LA,2023,10,1,1,24,19.007748
West LA,2023,10,7,1,29,21.197128
West LA,2023,11,1,3,33,32.51992
West LA,2023,11,4,0,15,13.7711935
West LA,2023,11,4,1,33,21.469765
West LA,2023,11,6,0,10,13.826908
West LA,2023,11,7,3,37,33.44025
West LA,2023,11,3,2,33,33.856556
West LA,2023,11,2,2,43,33.905144
West LA,2023,11,2,0,14,15.870487
West LA,2023,11,1,2,35,32.52977
West LA,2023,11,6,3,47,35.333096
West LA,2023,11,4,2,60,34.149147
West LA,2023,11,6,1,24,20.646172
West LA,2023,11,3,3,37,33.143177
West LA,2023,11,7,2,33,32.664814
West LA,2023,11,2,3,27,33.191765
West LA,2023,11,5,2,41,33.562534
West LA,2023,11,1,0,13,18.664722
West LA,2023,11,2,1,23,21.864992
West LA,2023,11,5,0,16,13.31142
West LA,2023,11,5,3,27,33.00175
West LA,2023,11,7,0,14,15.216327
West LA,2023,11,4,3,55,33.588364
West LA,2023,11,6,2,39,35.28056
West LA,2023,11,1,1,31,18.188223
West LA,2023,11,5,1,28,20.88315
West LA,2023,11,7,1,27,17.821686
West LA,2023,11,3,0,16,14.195683
West LA,2023,11,3,1,21,21.692137
West LA,2023,12,2,1,20,20.70519
West LA,2023,12,3,1,18,21.1943
West LA,2023,12,6,0,11,15.274678
West LA,2023,12,3,2,40,31.906652
West LA,2023,12,6,3,39,40.776966
West LA,2023,12,1,0,13,15.405866
West LA,2023,12,3,0,8,13.697849
West LA,2023,12,7,3,37,36.665237
West LA,2023,12,4,1,20,22.452106
West LA,2023,12,5,1,15,22.47671
West LA,2023,12,4,0,11,14.753541
West LA,2023,12,5,2,37,38.538208
West LA,2023,12,2,2,44,30.874846
West LA,2023,12,4,3,35,37.95282
West LA,2023,12,5,0,9,14.904984
West LA,2023,12,7,2,64,36.238335
West LA,2023,12,7,1,28,18.390139
West LA,2023,12,7,0,20,15.784779
West LA,2023,12,2,0,7,13.610382
West LA,2023,12,4,2,36,38.513603
West LA,2023,12,2,3,22,30.016525
West LA,2023,12,6,1,29,22.093945
West LA,2023,12,3,3,32,31.131548
West LA,2023,12,6,2,64,40.72443
West LA,2023,12,1,2,42,29.244623
West LA,2023,12,1,3,36,28.741287
West LA,2023,12,5,3,30,37.977425
West LA,2023,12,1,1,23,16.773575
West Valley,2023,1,2,0,21,14.877654
West Valley,2023,1,1,3,31,31.033304
West Valley,2023,1,1,2,37,29.000435
West Valley,2023,1,5,3,36,31.022831
West Valley,2023,1,7,0,21,17.916399
West Valley,2023,1,1,0,36,17.528841
West Valley,2023,1,5,1,14,18.184847
West Valley,2023,1,4,2,29,31.41742
West Valley,2023,1,2,1,15,17.834484
West Valley,2023,1,3,2,29,26.012209
West Valley,2023,1,4,1,18,19.624624
West Valley,2023,1,7,2,28,32.00291
West Valley,2023,1,3,0,17,11.156252
West Valley,2023,1,7,1,21,18.901424
West Valley,2023,1,6,3,28,36.53236
West Valley,2023,1,3,3,50,27.40526
West Valley,2023,1,4,3,26,31.104387
West Valley,2023,1,3,1,18,15.445835
West Valley,2023,1,2,3,34,29.468906
West Valley,2023,1,6,0,16,17.043
West Valley,2023,1,5,2,28,30.035267
West Valley,2023,1,2,2,37,28.899197
West Valley,2023,1,1,1,16,15.902999
West Valley,2023,1,6,1,19,20.845346
West Valley,2023,1,6,2,41,36.088707
West Valley,2023,1,7,3,33,34.226364
West Valley,2023,1,5,0,16,13.840412
West Valley,2023,1,4,0,8,15.297556
West Valley,2023,2,4,3,31,28.43882
West Valley,2023,2,2,3,18,27.87152
West Valley,2023,2,1,3,26,28.74332
West Valley,2023,2,3,0,19,12.159988
West Valley,2023,2,7,3,21,31.698982
West Valley,2023,2,7,0,15,15.996919
West Valley,2023,2,6,2,34,30.168114
West Valley,2023,2,1,2,24,26.715374
West Valley,2023,2,5,0,8,11.742078
West Valley,2023,2,6,3,31,31.051773
West Valley,2023,2,1,0,22,16.464895
West Valley,2023,2,5,2,30,27.668018
West Valley,2023,2,1,1,17,14.887557
West Valley,2023,2,7,2,40,29.37347
West Valley,2023,2,4,1,19,16.291431
West Valley,2023,2,4,2,47,27.766813
West Valley,2023,2,7,1,8,17.030445
West Valley,2023,2,3,2,28,26.991074
West Valley,2023,2,3,1,17,16.49807
West Valley,2023,2,2,0,12,13.705133
West Valley,2023,2,5,3,31,28.340025
West Valley,2023,2,4,0,8,11.915863
West Valley,2023,2,2,2,29,27.20332
West Valley,2023,2,6,1,10,16.70285
West Valley,2023,2,5,1,20,16.135012
West Valley,2023,2,3,3,29,27.66308
West Valley,2023,2,2,1,22,16.710464
West Valley,2023,2,6,0,20,12.852002
West Valley,2023,3,2,2,35,29.25316
West Valley,2023,3,5,0,18,12.234959
West Valley,2023,3,5,3,37,29.15059
West Valley,2023,3,1,1,18,14.773041
West Valley,2023,3,7,2,26,26.466898
West Valley,2023,3,6,2,43,29.470005
West Valley,2023,3,3,0,7,14.461694
West Valley,2023,3,3,2,20,29.799585
West Valley,2023,3,5,1,34,16.61704
West Valley,2023,3,3,3,30,30.31476
West Valley,2023,3,4,3,47,31.039558
West Valley,2023,3,7,3,32,28.289484
West Valley,2023,3,1,3,27,28.421707
West Valley,2023,3,1,0,15,16.350384
West Valley,2023,3,5,2,39,28.406265
West Valley,2023,3,4,1,23,18.634098
West Valley,2023,3,4,0,22,14.204113
West Valley,2023,3,7,1,19,14.868107
West Valley,2023,3,2,1,23,18.345402
West Valley,2023,3,6,3,39,30.088451
West Valley,2023,3,2,0,15,15.248166
West Valley,2023,3,7,0,15,13.834575
West Valley,2023,3,6,1,31,16.238535
West Valley,2023,3,4,2,50,30.524384
West Valley,2023,3,1,2,26,26.901873
West Valley,2023,3,2,3,20,29.740828
West Valley,2023,3,3,1,13,18.891678
West Valley,2023,3,6,0,20,12.2933655
West Valley,2023,4,1,0,26,15.653783
West Valley,2023,4,3,3,30,27.382933
West Valley,2023,4,3,0,16,12.120265
West Valley,2023,4,4,2,29,28.007221
West Valley,2023,4,6,1,22,18.112455
West Valley,2023,4,6,2,38,31.731293
West Valley,2023,4,7,3,35,30.626879
West Valley,2023,4,4,3,42,28.322992
West Valley,2023,4,5,2,36,29.57873
West Valley,2023,4,4,0,16,12.077946
West Valley,2023,4,2,2,27,27.455683
West Valley,2023,4,6,0,15,14.167291
West Valley,2023,4,5,1,18,18.079443
West Valley,2023,4,1,1,17,14.076443
West Valley,2023,4,5,3,30,29.8945
West Valley,2023,4,2,1,23,16.938923
West Valley,2023,4,7,2,39,29.003696
West Valley,2023,4,4,1,17,16.507935
West Valley,2023,4,6,3,41,32.15034
West Valley,2023,4,1,2,36,25.814272
West Valley,2023,4,3,1,25,16.550253
West Valley,2023,4,2,0,20,13.841688
West Valley,2023,4,7,0,21,15.658398
West Valley,2023,4,3,2,24,27.067162
West Valley,2023,4,5,0,9,13.697356
West Valley,2023,4,2,3,23,27.743946
West Valley,2023,4,7,1,26,16.69193
West Valley,2023,4,1,3,41,27.134703
West Valley,2023,5,4,1,30,17.455736
West Valley,2023,5,1,0,20,19.496395
West Valley,2023,5,3,3,27,28.800571
West Valley,2023,5,1,1,11,17.5736
West Valley,2023,5,6,3,50,32.326954
West Valley,2023,5,5,3,33,29.459303
West Valley,2023,5,4,0,8,14.054679
West Valley,2023,5,6,2,35,31.635267
West Valley,2023,5,6,1,19,18.087572
West Valley,2023,5,4,2,44,28.911425
West Valley,2023,5,7,1,23,18.545828
West Valley,2023,5,5,1,19,17.415182
West Valley,2023,5,7,3,33,34.286156
West Valley,2023,5,2,0,21,16.82519
West Valley,2023,5,1,2,26,29.09073
West Valley,2023,5,3,1,28,17.60706
West Valley,2023,5,4,3,41,29.49986
West Valley,2023,5,5,0,5,14.062029
West Valley,2023,5,7,0,11,17.165329
West Valley,2023,5,2,2,37,29.5939
West Valley,2023,5,2,1,31,19.476656
West Valley,2023,5,6,0,11,15.171342
West Valley,2023,5,3,0,14,14.072839
West Valley,2023,5,7,2,25,31.119505
West Valley,2023,5,5,2,32,28.87087
West Valley,2023,5,2,3,37,30.783625
West Valley,2023,5,1,3,34,31.954647
West Valley,2023,5,3,2,45,28.212137
West Valley,2023,6,2,2,28,29.677593
West Valley,2023,6,5,3,35,30.993605
West Valley,2023,6,4,0,17,14.8269005
West Valley,2023,6,4,1,26,19.17666
West Valley,2023,6,7,2,38,27.244238
West Valley,2023,6,1,3,31,30.364567
West Valley,2023,6,1,1,9,15.513453
West Valley,2023,6,5,2,43,29.653803
West Valley,2023,6,5,1,30,18.350523
West Valley,2023,6,2,0,10,16.629751
West Valley,2023,6,4,2,19,30.47994
West Valley,2023,6,6,3,49,31.462292
West Valley,2023,6,6,0,17,14.293929
West Valley,2023,6,3,3,26,30.834694
West Valley,2023,6,1,0,18,19.071798
West Valley,2023,6,3,0,12,14.84506
West Valley,2023,6,7,1,19,15.726025
West Valley,2023,6,2,3,22,30.837292
West Valley,2023,6,3,2,29,29.647488
West Valley,2023,6,1,2,25,26.837109
West Valley,2023,6,6,1,22,17.250748
West Valley,2023,6,7,3,40,31.074444
West Valley,2023,6,6,2,44,30.019232
West Valley,2023,6,2,1,17,19.477566
West Valley,2023,6,7,0,13,15.98108
West Valley,2023,6,5,0,18,14.795726
West Valley,2023,6,3,1,19,19.194818
West Valley,2023,6,4,3,32,31.819742
West Valley,2023,7,1,3,60,30.026943
West Valley,2023,7,3,3,42,29.626339
West Valley,2023,7,3,2,28,28.47745
West Valley,2023,7,6,2,48,34.663055
West Valley,2023,7,3,1,13,18.067852
West Valley,2023,7,7,1,24,18.976152
West Valley,2023,7,4,3,39,30.813503
West Valley,2023,7,6,0,18,16.977028
West Valley,2023,7,4,0,11,14.341509
West Valley,2023,7,7,2,37,30.940496
West Valley,2023,7,1,1,28,15.990323
West Valley,2023,7,5,0,12,14.390876
West Valley,2023,7,1,0,23,18.815563
West Valley,2023,7,7,3,41,34.39653
West Valley,2023,7,2,0,18,16.144358
West Valley,2023,7,4,2,27,29.512018
West Valley,2023,7,5,1,21,18.253273
West Valley,2023,7,6,1,17,20.727995
West Valley,2023,7,2,3,51,29.628937
West Valley,2023,7,4,1,18,18.25181
West Valley,2023,7,2,1,20,18.3506
West Valley,2023,7,5,3,41,30.814966
West Valley,2023,7,3,0,13,14.359669
West Valley,2023,7,5,2,29,29.513481
West Valley,2023,7,2,2,38,28.507555
West Valley,2023,7,1,2,34,27.270908
West Valley,2023,7,7,0,27,18.4981
West Valley,2023,7,6,3,35,36.465057
West Valley,2023,8,5,1,27,18.186663
West Valley,2023,8,2,2,29,28.897593
West Valley,2023,8,5,2,39,29.372406
West Valley,2023,8,7,3,38,31.669044
West Valley,2023,8,7,1,15,16.89558
West Valley,2023,8,3,3,35,29.730482
West Valley,2023,8,4,1,26,18.1852
West Valley,2023,8,3,0,14,14.435727
West Valley,2023,8,3,1,25,18.143908
West Valley,2023,8,6,3,48,32.358818
West Valley,2023,8,7,0,16,16.417526
West Valley,2023,8,2,1,18,18.97865
West Valley,2023,8,6,1,12,17.7935
West Valley,2023,8,5,3,35,30.776443
West Valley,2023,8,6,0,21,14.38999
West Valley,2023,8,5,0,25,14.324266
West Valley,2023,8,1,0,27,19.443613
West Valley,2023,8,7,2,35,28.500195
West Valley,2023,8,4,3,30,30.77498
West Valley,2023,8,4,0,15,14.2748995
West Valley,2023,8,4,2,34,29.370943
West Valley,2023,8,1,3,32,30.687035
West Valley,2023,8,3,2,33,28.47904
West Valley,2023,8,2,3,32,30.289028
West Valley,2023,8,1,2,24,27.660946
West Valley,2023,8,6,2,45,30.844007
West Valley,2023,8,1,1,24,16.618374
West Valley,2023,8,2,0,16,16.772408
West Valley,2023,9,2,1,12,17.822971
West Valley,2023,9,5,0,16,14.232035
West Valley,2023,9,6,2,46,31.10442
West Valley,2023,9,3,1,16,17.808743
West Valley,2023,9,4,1,26,18.165405
West Valley,2023,9,2,0,20,15.544299
West Valley,2023,9,7,2,39,28.232555
West Valley,2023,9,1,3,39,29.615046
West Valley,2023,9,5,1,14,18.166868
West Valley,2023,9,7,1,25,16.23721
West Valley,2023,9,6,1,31,17.842463
West Valley,2023,9,1,1,16,15.462696
West Valley,2023,9,3,3,37,29.317896
West Valley,2023,9,7,0,14,15.686719
West Valley,2023,9,4,0,11,14.182668
West Valley,2023,9,4,3,20,30.958658
West Valley,2023,9,3,2,31,27.99994
West Valley,2023,9,7,3,44,31.467916
West Valley,2023,9,5,2,25,29.48957
West Valley,2023,9,6,0,29,14.366515
West Valley,2023,9,6,3,61,32.685745
West Valley,2023,9,4,2,31,29.488108
West Valley,2023,9,3,0,14,14.028125
West Valley,2023,9,2,2,24,27.899084
West Valley,2023,9,5,3,24,30.960121
West Valley,2023,9,2,3,23,29.21704
West Valley,2023,9,1,2,30,26.662437
West Valley,2023,9,1,0,15,18.2155
West Valley,2023,10,3,0,18,13.575842
West Valley,2023,10,1,2,32,27.596561
West Valley,2023,10,2,3,43,28.805733
West Valley,2023,10,6,3,39,37.244804
West Valley,2023,10,5,2,32,29.026371
West Valley,2023,10,7,1,15,19.1197
West Valley,2023,10,1,0,34,19.952337
West Valley,2023,10,5,3,34,30.443642
West Valley,2023,10,7,3,37,37.2446
West Valley,2023,10,6,1,19,20.108755
West Valley,2023,10,2,2,27,27.541058
West Valley,2023,10,3,1,28,17.26978
West Valley,2023,10,6,2,36,34.521854
West Valley,2023,10,7,2,33,32.48736
West Valley,2023,10,7,0,23,18.478645
West Valley,2023,10,5,1,11,17.758686
West Valley,2023,10,6,0,9,16.542238
West Valley,2023,10,2,0,20,15.327973
West Valley,2023,10,4,2,25,28.714972
West Valley,2023,10,3,2,36,27.40596
West Valley,2023,10,4,3,25,30.132242
West Valley,2023,10,4,1,17,17.447287
West Valley,2023,10,1,3,47,30.876152
West Valley,2023,10,4,0,15,13.551232
West Valley,2023,10,2,1,26,17.519962
West Valley,2023,10,1,1,13,16.451836
West Valley,2023,10,5,0,25,13.910537
West Valley,2023,10,3,3,25,28.670635
West Valley,2023,11,6,3,42,31.290545
West Valley,2023,11,2,2,24,28.717108
West Valley,2023,11,4,0,16,14.0093565
West Valley,2023,11,1,0,13,18.307922
West Valley,2023,11,4,3,40,30.768873
West Valley,2023,11,5,0,24,13.549583
West Valley,2023,11,1,2,34,27.211515
West Valley,2023,11,2,1,18,18.380045
West Valley,2023,11,5,1,25,17.518599
West Valley,2023,11,1,3,29,29.03179
West Valley,2023,11,7,0,16,14.647759
West Valley,2023,11,7,1,21,15.477589
West Valley,2023,11,3,1,23,18.327585
West Valley,2023,11,5,3,38,30.182259
West Valley,2023,11,4,1,14,18.105213
West Valley,2023,11,1,1,28,15.593374
West Valley,2023,11,7,2,29,26.721958
West Valley,2023,11,5,2,46,29.059677
West Valley,2023,11,4,2,45,29.646292
West Valley,2023,11,3,2,27,28.73716
West Valley,2023,11,3,0,17,14.4338455
West Valley,2023,11,7,3,33,28.82499
West Valley,2023,11,6,2,39,30.057178
West Valley,2023,11,6,1,17,17.072433
West Valley,2023,11,3,3,37,29.707146
West Valley,2023,11,2,0,8,15.988255
West Valley,2023,11,6,0,12,13.596485
West Valley,2023,11,2,3,33,29.687094
West Valley,2023,12,5,2,24,33.466568
West Valley,2023,12,2,2,32,28.01034
West Valley,2023,12,2,3,36,28.429707
West Valley,2023,12,7,2,34,29.430832
West Valley,2023,12,7,0,17,15.568805
West Valley,2023,12,3,1,17,17.74357
West Valley,2023,12,1,1,20,14.212947
West Valley,2023,12,1,3,27,27.171024
West Valley,2023,12,7,3,41,30.882912
West Valley,2023,12,6,2,42,34.96922
West Valley,2023,12,2,0,16,13.678797
West Valley,2023,12,6,0,24,15.39685
West Valley,2023,12,4,1,23,19.230963
West Valley,2023,12,3,2,29,28.57196
West Valley,2023,12,4,0,15,15.135112
West Valley,2023,12,4,2,29,33.44196
West Valley,2023,12,4,3,33,33.929276
West Valley,2023,12,7,1,23,16.39864
West Valley,2023,12,5,1,19,19.255566
West Valley,2023,12,1,0,23,15.237487
West Valley,2023,12,3,0,17,13.8498335
West Valley,2023,12,2,1,13,17.254461
West Valley,2023,12,5,3,30,33.95388
West Valley,2023,12,6,1,25,18.8728
West Valley,2023,12,5,0,11,15.286554
West Valley,2023,12,1,2,32,25.917059
West Valley,2023,12,3,3,29,29.074537
West Valley,2023,12,6,3,33,35.567337
Wilshire,2023,1,4,0,8,14.516898
Wilshire,2023,1,7,3,29,42.37273
Wilshire,2023,1,3,2,63,32.7554
Wilshire,2023,1,1,2,40,34.714344
Wilshire,2023,1,6,0,22,16.955029
Wilshire,2023,1,4,2,49,35.75943
Wilshire,2023,1,1,0,26,18.338282
Wilshire,2023,1,2,2,56,34.50257
Wilshire,2023,1,1,1,20,18.005724
Wilshire,2023,1,2,3,53,33.027443
Wilshire,2023,1,7,0,15,18.863823
Wilshire,2023,1,2,1,31,20.582067
Wilshire,2023,1,6,1,28,23.516726
Wilshire,2023,1,5,3,47,33.85022
Wilshire,2023,1,2,0,18,14.583501
Wilshire,2023,1,6,3,54,42.152634
Wilshire,2023,1,5,0,8,13.486691
Wilshire,2023,1,3,1,24,19.009726
Wilshire,2023,1,3,0,13,11.581249
Wilshire,2023,1,4,1,16,21.982868
Wilshire,2023,1,6,2,48,42.92147
Wilshire,2023,1,7,2,46,39.25666
Wilshire,2023,1,1,3,42,34.51628
Wilshire,2023,1,4,3,47,33.93179
Wilshire,2023,1,5,1,26,20.970026
Wilshire,2023,1,3,3,48,31.311102
Wilshire,2023,1,5,2,37,34.80421
Wilshire,2023,1,7,1,21,20.48729
Wilshire,2023,2,5,2,40,32.884453
Wilshire,2023,2,6,2,37,37.93081
Wilshire,2023,2,7,3,45,40.089664
Wilshire,2023,2,4,1,29,19.683655
Wilshire,2023,2,6,1,27,20.180584
Wilshire,2023,2,1,0,21,17.847391
Wilshire,2023,2,6,3,46,36.737446
Wilshire,2023,2,5,3,35,30.89988
Wilshire,2023,2,3,0,10,12.152084
Wilshire,2023,2,2,2,31,33.017273
Wilshire,2023,2,7,2,42,37.348312
Wilshire,2023,2,5,1,24,19.527235
Wilshire,2023,2,7,1,16,19.213816
Wilshire,2023,2,6,0,12,13.570381
Wilshire,2023,2,3,3,33,30.873901
Wilshire,2023,2,1,3,27,31.826838
Wilshire,2023,2,4,2,49,32.98325
Wilshire,2023,2,2,3,34,31.03058
Wilshire,2023,2,5,0,13,11.995397
Wilshire,2023,2,3,1,23,19.62907
Wilshire,2023,2,1,2,29,32.530743
Wilshire,2023,2,7,0,17,17.541847
Wilshire,2023,2,3,2,42,32.829758
Wilshire,2023,2,4,3,50,30.998674
Wilshire,2023,2,2,0,9,14.093157
Wilshire,2023,2,1,1,16,17.563335
Wilshire,2023,2,2,1,28,20.140232
Wilshire,2023,2,4,0,13,12.169182
Wilshire,2023,3,7,0,12,15.256604
Wilshire,2023,3,4,3,34,34.610687
Wilshire,2023,3,5,2,57,34.446484
Wilshire,2023,3,2,1,23,21.658506
Wilshire,2023,3,1,3,36,32.12656
Wilshire,2023,3,4,1,20,21.909658
Wilshire,2023,3,1,0,14,17.54176
Wilshire,2023,3,3,3,29,34.536854
Wilshire,2023,3,5,1,33,19.892601
Wilshire,2023,3,7,3,52,36.619255
Wilshire,2023,3,3,2,36,36.46205
Wilshire,2023,3,3,0,12,14.337126
Wilshire,2023,3,4,0,13,14.340768
Wilshire,2023,3,6,1,31,19.538704
Wilshire,2023,3,7,2,44,34.496437
Wilshire,2023,3,2,3,34,33.91116
Wilshire,2023,3,2,2,43,35.890896
Wilshire,2023,3,6,2,47,37.23273
Wilshire,2023,3,5,3,67,32.72172
Wilshire,2023,3,7,1,16,16.92858
Wilshire,2023,3,6,3,52,35.961643
Wilshire,2023,3,1,1,20,17.257704
Wilshire,2023,3,2,0,9,15.519526
Wilshire,2023,3,1,2,34,33.32506
Wilshire,2023,3,5,0,14,12.3716135
Wilshire,2023,3,3,1,20,21.906015
Wilshire,2023,3,6,0,16,12.834181
Wilshire,2023,3,4,2,56,36.564598
Wilshire,2023,4,4,2,36,33.9295
Wilshire,2023,4,5,0,11,13.834011
Wilshire,2023,4,4,1,23,19.783495
Wilshire,2023,4,7,3,58,39.279163
Wilshire,2023,4,4,0,13,12.214601
Wilshire,2023,4,2,2,41,33.975487
Wilshire,2023,4,6,1,23,21.502445
Wilshire,2023,4,1,2,38,32.11953
Wilshire,2023,4,3,3,42,31.608774
Wilshire,2023,4,1,1,25,16.561102
Wilshire,2023,4,1,3,44,30.843327
Wilshire,2023,4,5,1,19,21.355003
Wilshire,2023,4,3,0,21,11.995697
Wilshire,2023,4,5,2,34,35.501003
Wilshire,2023,4,7,1,26,18.842218
Wilshire,2023,4,3,2,40,33.6117
Wilshire,2023,4,1,0,19,16.845158
Wilshire,2023,4,4,3,48,31.897865
Wilshire,2023,4,2,3,35,31.918037
Wilshire,2023,4,2,0,15,14.113048
Wilshire,2023,4,2,1,10,20.252028
Wilshire,2023,4,5,3,40,33.469376
Wilshire,2023,4,7,0,15,17.17025
Wilshire,2023,4,3,1,15,19.56459
Wilshire,2023,4,6,0,15,14.797925
Wilshire,2023,4,7,2,61,37.234062
Wilshire,2023,4,6,3,47,38.346046
Wilshire,2023,4,6,2,54,39.69485
Wilshire,2023,5,4,1,33,21.111143
Wilshire,2023,5,2,2,57,35.790268
Wilshire,2023,5,3,1,21,21.225306
Wilshire,2023,5,1,2,25,35.721096
Wilshire,2023,5,4,0,11,14.443701
Wilshire,2023,5,5,3,33,32.81447
Wilshire,2023,5,7,3,39,44.117146
Wilshire,2023,5,7,0,10,19.549524
Wilshire,2023,5,5,0,14,14.451051
Wilshire,2023,5,1,0,15,21.657309
Wilshire,2023,5,2,0,18,17.44611
Wilshire,2023,5,6,0,22,16.054344
Wilshire,2023,5,6,2,62,39.575947
Wilshire,2023,5,3,2,46,34.43324
Wilshire,2023,5,2,1,22,23.168108
Wilshire,2023,5,1,1,23,21.145813
Wilshire,2023,5,4,3,34,32.855026
Wilshire,2023,5,6,1,18,21.857405
Wilshire,2023,5,7,2,35,39.97553
Wilshire,2023,5,4,2,36,34.505653
Wilshire,2023,5,2,3,45,34.742615
Wilshire,2023,5,6,3,42,38.608143
Wilshire,2023,5,3,0,17,14.424702
Wilshire,2023,5,5,1,20,21.070585
Wilshire,2023,5,7,1,13,21.785162
Wilshire,2023,5,3,3,29,32.811325
Wilshire,2023,5,5,2,26,34.465096
Wilshire,2023,5,1,3,38,36.541393
Wilshire,2023,6,1,3,31,34.645145
Wilshire,2023,6,4,1,19,22.81462
Wilshire,2023,6,3,1,22,22.795618
Wilshire,2023,6,2,3,43,34.880577
Wilshire,2023,6,4,0,17,15.198475
Wilshire,2023,6,5,0,16,15.1673
Wilshire,2023,6,4,3,39,35.2592
Wilshire,2023,6,6,3,50,37.54265
Wilshire,2023,6,3,2,38,35.95288
Wilshire,2023,6,1,1,25,18.951946
Wilshire,2023,6,7,3,42,39.052776
Wilshire,2023,6,1,0,14,21.215265
Wilshire,2023,6,4,2,28,36.15846
Wilshire,2023,6,6,0,24,15.069662
Wilshire,2023,6,5,1,41,21.988482
Wilshire,2023,6,7,2,34,36.059425
Wilshire,2023,6,7,1,15,18.741825
Wilshire,2023,6,5,3,52,34.433052
Wilshire,2023,6,2,1,19,23.151571
Wilshire,2023,6,2,2,31,35.958256
Wilshire,2023,6,6,2,60,37.759083
Wilshire,2023,6,7,0,13,18.25801
Wilshire,2023,6,1,2,28,33.71175
Wilshire,2023,6,5,2,56,35.33231
Wilshire,2023,6,2,0,19,17.233225
Wilshire,2023,6,3,3,40,34.92974
Wilshire,2023,6,6,1,24,20.913317
Wilshire,2023,6,3,0,13,15.179476
Wilshire,2023,7,1,2,62,34.107246
Wilshire,2023,7,7,3,47,42.41813
Wilshire,2023,7,2,3,51,33.75855
Wilshire,2023,7,7,2,44,39.701336
Wilshire,2023,7,2,1,28,21.943233
Wilshire,2023,7,7,1,25,21.937601
Wilshire,2023,7,3,0,15,14.639734
Wilshire,2023,7,4,3,30,34.33929
Wilshire,2023,7,5,3,39,34.34075
Wilshire,2023,7,1,0,28,20.877659
Wilshire,2023,7,3,2,27,34.77156
Wilshire,2023,7,5,2,58,35.180717
Wilshire,2023,7,2,2,51,34.749916
Wilshire,2023,7,7,0,26,20.72068
Wilshire,2023,7,3,1,21,21.614304
Wilshire,2023,7,2,0,22,16.66646
Wilshire,2023,7,3,3,44,33.807713
Wilshire,2023,7,6,2,37,42.216835
Wilshire,2023,7,4,1,19,21.83542
Wilshire,2023,7,1,3,50,34.393852
Wilshire,2023,7,6,1,25,24.336212
Wilshire,2023,7,6,0,24,17.698416
Wilshire,2023,7,5,1,21,21.836884
Wilshire,2023,7,5,0,14,14.7081
Wilshire,2023,7,1,1,25,19.347446
Wilshire,2023,7,6,3,52,42.456944
Wilshire,2023,7,4,2,38,35.179256
Wilshire,2023,7,4,0,20,14.658733
Wilshire,2023,8,3,2,65,34.795685
Wilshire,2023,8,2,1,16,23.146784
Wilshire,2023,8,7,1,16,19.84476
Wilshire,2023,8,6,0,13,15.099107
Wilshire,2023,8,2,0,16,17.87001
Wilshire,2023,8,2,3,45,34.44311
Wilshire,2023,8,4,1,25,21.793047
Wilshire,2023,8,6,1,25,21.389452
Wilshire,2023,8,5,2,57,35.033463
Wilshire,2023,8,3,3,42,33.93633
Wilshire,2023,8,3,0,29,14.768739
Wilshire,2023,8,4,2,45,35.032
Wilshire,2023,8,7,2,44,37.11938
Wilshire,2023,8,4,0,17,14.616363
Wilshire,2023,8,5,3,50,34.3267
Wilshire,2023,8,4,3,43,34.325237
Wilshire,2023,8,6,2,47,38.25613
Wilshire,2023,8,1,3,34,35.078415
Wilshire,2023,8,7,3,47,39.616146
Wilshire,2023,8,1,1,14,20.550997
Wilshire,2023,8,1,2,36,35.04237
Wilshire,2023,8,6,3,49,38.27621
Wilshire,2023,8,5,0,17,14.6657295
Wilshire,2023,8,5,1,33,21.79451
Wilshire,2023,8,7,0,19,18.62784
Wilshire,2023,8,2,2,47,35.68504
Wilshire,2023,8,3,1,31,21.743305
Wilshire,2023,8,1,0,19,22.08121
Wilshire,2023,9,5,1,25,21.883863
Wilshire,2023,9,3,1,19,21.517288
Wilshire,2023,9,2,2,40,34.420635
Wilshire,2023,9,6,2,45,38.540413
Wilshire,2023,9,7,1,21,18.834108
Wilshire,2023,9,4,3,45,34.944347
Wilshire,2023,9,5,2,34,35.174496
Wilshire,2023,9,2,1,21,21.603659
Wilshire,2023,9,2,0,15,16.25445
Wilshire,2023,9,2,3,29,34.013393
Wilshire,2023,9,7,2,56,36.414177
Wilshire,2023,9,3,0,17,14.470288
Wilshire,2023,9,4,1,23,21.8824
Wilshire,2023,9,7,0,20,17.544752
Wilshire,2023,9,1,1,26,18.777754
Wilshire,2023,9,7,3,57,39.183704
Wilshire,2023,9,3,3,37,34.166008
Wilshire,2023,9,5,3,42,34.94581
Wilshire,2023,9,3,2,37,34.54729
Wilshire,2023,9,1,2,27,33.547848
Wilshire,2023,9,4,0,14,14.633283
Wilshire,2023,9,1,3,37,34.648697
Wilshire,2023,9,6,0,16,15.184785
Wilshire,2023,9,4,2,31,35.173035
Wilshire,2023,9,1,0,26,20.23553
Wilshire,2023,9,5,0,18,14.68265
Wilshire,2023,9,6,1,32,21.547564
Wilshire,2023,9,6,3,62,39.03857
Wilshire,2023,10,7,3,48,45.928905
Wilshire,2023,10,3,0,16,14.129847
Wilshire,2023,10,5,2,41,34.823128
Wilshire,2023,10,2,2,41,34.174442
Wilshire,2023,10,2,0,23,16.149965
Wilshire,2023,10,3,3,56,33.60095
Wilshire,2023,10,3,1,27,21.090166
Wilshire,2023,10,4,1,23,21.276123
Wilshire,2023,10,1,3,48,35.99202
Wilshire,2023,10,6,2,54,42.635017
Wilshire,2023,10,6,3,60,44.245167
Wilshire,2023,10,5,0,15,14.472993
Wilshire,2023,10,1,0,29,22.314327
Wilshire,2023,10,7,2,35,41.89724
Wilshire,2023,10,3,2,38,34.06514
Wilshire,2023,10,7,0,17,21.281927
Wilshire,2023,10,6,0,11,17.754667
Wilshire,2023,10,5,1,14,21.587523
Wilshire,2023,10,5,3,41,34.51153
Wilshire,2023,10,6,1,38,24.208014
Wilshire,2023,10,4,2,37,34.51173
Wilshire,2023,10,7,1,30,22.661848
Wilshire,2023,10,4,3,40,34.200134
Wilshire,2023,10,1,2,57,34.823933
Wilshire,2023,10,2,3,51,33.68429
Wilshire,2023,10,1,1,27,20.108854
Wilshire,2023,10,2,1,33,21.41249
Wilshire,2023,10,4,0,9,14.113688
Wilshire,2023,11,1,2,40,34.26706
Wilshire,2023,11,2,0,22,16.283852
Wilshire,2023,11,3,2,42,35.18558
Wilshire,2023,11,2,3,35,34.694275
Wilshire,2023,11,1,0,24,19.895803
Wilshire,2023,11,6,1,33,20.634941
Wilshire,2023,11,6,2,48,36.63972
Wilshire,2023,11,7,3,42,36.403667
Wilshire,2023,11,7,1,25,18.203098
Wilshire,2023,11,4,3,40,34.84499
Wilshire,2023,11,2,2,43,35.260128
Wilshire,2023,11,1,1,13,18.75475
Wilshire,2023,11,6,0,15,13.912243
Wilshire,2023,11,1,3,39,34.276287
Wilshire,2023,11,3,3,39,34.645687
Wilshire,2023,11,5,1,33,21.060564
Wilshire,2023,11,2,1,21,22.106098
Wilshire,2023,11,4,0,16,13.925022
Wilshire,2023,11,7,2,32,34.72576
Wilshire,2023,11,3,1,25,21.861101
Wilshire,2023,11,4,1,33,21.647179
Wilshire,2023,11,5,0,14,13.465249
Wilshire,2023,11,5,2,47,34.645676
Wilshire,2023,11,6,3,40,36.979267
Wilshire,2023,11,5,3,52,34.258377
Wilshire,2023,11,4,2,40,35.23229
Wilshire,2023,11,7,0,26,16.35594
Wilshire,2023,11,3,0,11,14.34106
Wilshire,2023,12,4,2,36,38.476162
Wilshire,2023,12,2,3,42,32.92948
Wilshire,2023,12,4,3,29,37.93437
Wilshire,2023,12,6,0,18,15.741018
Wilshire,2023,12,6,2,63,41.719162
Wilshire,2023,12,2,1,20,21.087072
Wilshire,2023,12,1,3,54,31.908106
Wilshire,2023,12,7,1,28,19.247553
Wilshire,2023,12,5,2,36,38.500767
Wilshire,2023,12,6,1,36,22.463722
Wilshire,2023,12,1,2,54,32.159363
Wilshire,2023,12,3,2,40,34.786236
Wilshire,2023,12,7,2,56,38.43383
Wilshire,2023,12,1,0,24,16.777721
Wilshire,2023,12,2,0,22,14.164526
Wilshire,2023,12,7,0,24,17.400393
Wilshire,2023,12,3,3,27,34.091846
Wilshire,2023,12,2,2,29,33.407284
Wilshire,2023,12,5,3,50,37.958973
Wilshire,2023,12,7,3,71,39.608707
Wilshire,2023,12,4,0,12,15.100534
Wilshire,2023,12,5,0,9,15.251977
Wilshire,2023,12,6,3,64,41.904213
Wilshire,2023,12,5,1,28,22.84729
Wilshire,2023,12,4,1,24,22.822687
Wilshire,2023,12,1,1,30,17.480877
Wilshire,2023,12,3,1,32,22.13033
Wilshire,2023,12,3,0,16,14.610291
